Date,Fear Greed
2011-01-03,68.0
2011-01-04,68.0
2011-01-05,67.0
2011-01-06,64.0
2011-01-07,63.0
2011-01-08,0.0
2011-01-09,0.0
2011-01-10,58.0
2011-01-11,58.0
2011-01-12,58.0
2011-01-13,58.0
2011-01-14,60.0
2011-01-15,0.0
2011-01-16,0.0
2011-01-17,0.0
2011-01-18,56.0
2011-01-19,55.0
2011-01-20,54.0
2011-01-21,47.0
2011-01-22,0.0
2011-01-23,0.0
2011-01-24,45.0
2011-01-25,43.0
2011-01-26,43.0
2011-01-27,43.0
2011-01-28,43.0
2011-01-29,0.0
2011-01-30,0.0
2011-01-31,41.0
2011-02-01,41.0
2011-02-02,46.0
2011-02-03,47.0
2011-02-04,49.0
2011-02-05,0.0
2011-02-06,0.0
2011-02-07,56.0
2011-02-08,56.0
2011-02-09,56.0
2011-02-10,56.0
2011-02-11,56.0
2011-02-12,0.0
2011-02-13,0.0
2011-02-14,61.0
2011-02-15,61.0
2011-02-16,61.0
2011-02-17,61.0
2011-02-18,56.0
2011-02-19,0.0
2011-02-20,0.0
2011-02-21,0.0
2011-02-22,42.0
2011-02-23,42.0
2011-02-24,42.0
2011-02-25,42.0
2011-02-26,0.0
2011-02-27,0.0
2011-02-28,43.0
2011-03-01,43.0
2011-03-02,42.0
2011-03-03,41.0
2011-03-04,39.0
2011-03-05,0.0
2011-03-06,0.0
2011-03-07,35.0
2011-03-08,27.0
2011-03-09,26.0
2011-03-10,26.0
2011-03-11,26.0
2011-03-12,0.0
2011-03-13,0.0
2011-03-14,13.0
2011-03-15,13.0
2011-03-16,11.0
2011-03-17,9.0
2011-03-18,9.0
2011-03-19,0.0
2011-03-20,0.0
2011-03-21,14.0
2011-03-22,15.0
2011-03-23,16.0
2011-03-24,16.0
2011-03-25,19.0
2011-03-26,0.0
2011-03-27,0.0
2011-03-28,23.0
2011-03-29,23.0
2011-03-30,24.0
2011-03-31,24.0
2011-04-01,27.0
2011-04-02,0.0
2011-04-03,0.0
2011-04-04,31.0
2011-04-05,35.0
2011-04-06,37.0
2011-04-07,37.0
2011-04-08,37.0
2011-04-09,0.0
2011-04-10,0.0
2011-04-11,34.0
2011-04-12,33.0
2011-04-13,33.0
2011-04-14,30.0
2011-04-15,28.0
2011-04-16,0.0
2011-04-17,0.0
2011-04-18,24.0
2011-04-19,24.0
2011-04-20,25.0
2011-04-21,30.0
2011-04-22,0.0
2011-04-23,0.0
2011-04-24,0.0
2011-04-25,35.0
2011-04-26,36.0
2011-04-27,37.0
2011-04-28,37.0
2011-04-29,41.0
2011-04-30,0.0
2011-05-01,0.0
2011-05-02,36.0
2011-05-03,31.0
2011-05-04,30.0
2011-05-05,29.0
2011-05-06,27.0
2011-05-07,0.0
2011-05-08,0.0
2011-05-09,28.0
2011-05-10,31.0
2011-05-11,31.0
2011-05-12,32.0
2011-05-13,32.0
2011-05-14,0.0
2011-05-15,0.0
2011-05-16,27.0
2011-05-17,27.0
2011-05-18,25.0
2011-05-19,23.0
2011-05-20,22.0
2011-05-21,0.0
2011-05-22,0.0
2011-05-23,16.0
2011-05-24,13.0
2011-05-25,13.0
2011-05-26,15.0
2011-05-27,16.0
2011-05-28,0.0
2011-05-29,0.0
2011-05-30,0.0
2011-05-31,16.0
2011-06-01,15.0
2011-06-02,12.0
2011-06-03,9.0
2011-06-04,0.0
2011-06-05,0.0
2011-06-06,6.0
2011-06-07,6.0
2011-06-08,6.0
2011-06-09,6.0
2011-06-10,5.0
2011-06-11,0.0
2011-06-12,0.0
2011-06-13,6.0
2011-06-14,5.0
2011-06-15,5.0
2011-06-16,6.0
2011-06-17,7.0
2011-06-18,0.0
2011-06-19,0.0
2011-06-20,9.0
2011-06-21,9.0
2011-06-22,10.0
2011-06-23,10.0
2011-06-24,11.0
2011-06-25,0.0
2011-06-26,0.0
2011-06-27,25.0
2011-06-28,29.0
2011-06-29,30.0
2011-06-30,32.0
2011-07-01,34.0
2011-07-02,0.0
2011-07-03,0.0
2011-07-04,0.0
2011-07-05,51.0
2011-07-06,52.0
2011-07-07,48.0
2011-07-08,43.0
2011-07-09,0.0
2011-07-10,0.0
2011-07-11,35.0
2011-07-12,31.0
2011-07-13,31.0
2011-07-14,31.0
2011-07-15,32.0
2011-07-16,0.0
2011-07-17,0.0
2011-07-18,44.0
2011-07-19,44.0
2011-07-20,47.0
2011-07-21,48.0
2011-07-22,51.0
2011-07-23,0.0
2011-07-24,0.0
2011-07-25,38.0
2011-07-26,35.0
2011-07-27,27.0
2011-07-28,27.0
2011-07-29,16.0
2011-07-30,0.0
2011-07-31,0.0
2011-08-01,10.0
2011-08-02,8.0
2011-08-03,2.0
2011-08-04,5.0
2011-08-05,5.0
2011-08-06,0.0
2011-08-07,0.0
2011-08-08,1.0
2011-08-09,2.0
2011-08-10,2.0
2011-08-11,3.0
2011-08-12,6.0
2011-08-13,0.0
2011-08-14,0.0
2011-08-15,7.0
2011-08-16,11.0
2011-08-17,7.0
2011-08-18,7.0
2011-08-19,6.0
2011-08-20,0.0
2011-08-21,0.0
2011-08-22,7.0
2011-08-23,9.0
2011-08-24,8.0
2011-08-25,11.0
2011-08-26,12.0
2011-08-27,0.0
2011-08-28,0.0
2011-08-29,22.0
2011-08-30,22.0
2011-08-31,28.0
2011-09-01,26.0
2011-09-02,26.0
2011-09-03,0.0
2011-09-04,0.0
2011-09-05,0.0
2011-09-06,27.0
2011-09-07,28.0
2011-09-08,25.0
2011-09-09,25.0
2011-09-10,0.0
2011-09-11,0.0
2011-09-12,31.0
2011-09-13,31.0
2011-09-14,31.0
2011-09-15,33.0
2011-09-16,38.0
2011-09-17,0.0
2011-09-18,0.0
2011-09-19,39.0
2011-09-20,32.0
2011-09-21,31.0
2011-09-22,28.0
2011-09-23,28.0
2011-09-24,0.0
2011-09-25,0.0
2011-09-26,26.0
2011-09-27,25.0
2011-09-28,27.0
2011-09-29,23.0
2011-09-30,22.0
2011-10-01,0.0
2011-10-02,0.0
2011-10-03,20.0
2011-10-04,23.0
2011-10-05,27.0
2011-10-06,33.0
2011-10-07,31.0
2011-10-08,0.0
2011-10-09,0.0
2011-10-10,41.0
2011-10-11,41.0
2011-10-12,42.0
2011-10-13,42.0
2011-10-14,41.0
2011-10-15,0.0
2011-10-16,0.0
2011-10-17,48.0
2011-10-18,48.0
2011-10-19,48.0
2011-10-20,54.0
2011-10-21,66.0
2011-10-22,0.0
2011-10-23,0.0
2011-10-24,62.0
2011-10-25,62.0
2011-10-26,71.0
2011-10-27,67.0
2011-10-28,66.0
2011-10-29,0.0
2011-10-30,0.0
2011-10-31,62.0
2011-11-01,62.0
2011-11-02,62.0
2011-11-03,63.0
2011-11-04,60.0
2011-11-05,0.0
2011-11-06,0.0
2011-11-07,65.0
2011-11-08,65.0
2011-11-09,59.0
2011-11-10,60.0
2011-11-11,60.0
2011-11-12,0.0
2011-11-13,0.0
2011-11-14,54.0
2011-11-15,54.0
2011-11-16,55.0
2011-11-17,52.0
2011-11-18,46.0
2011-11-19,0.0
2011-11-20,0.0
2011-11-21,43.0
2011-11-22,41.0
2011-11-23,39.0
2011-11-24,0.0
2011-11-25,51.0
2011-11-26,0.0
2011-11-27,0.0
2011-11-28,57.0
2011-11-29,62.0
2011-11-30,67.0
2011-12-01,61.0
2011-12-02,67.0
2011-12-03,0.0
2011-12-04,0.0
2011-12-05,66.0
2011-12-06,66.0
2011-12-07,66.0
2011-12-08,66.0
2011-12-09,65.0
2011-12-10,0.0
2011-12-11,0.0
2011-12-12,62.0
2011-12-13,56.0
2011-12-14,61.0
2011-12-15,61.0
2011-12-16,60.0
2011-12-17,0.0
2011-12-18,0.0
2011-12-19,74.0
2011-12-20,74.0
2011-12-21,74.0
2011-12-22,78.0
2011-12-23,77.0
2011-12-24,0.0
2011-12-25,0.0
2011-12-26,0.0
2011-12-27,75.0
2011-12-28,75.0
2011-12-29,75.0
2011-12-30,75.0
2011-12-31,0.0
2012-01-01,0.0
2012-01-02,0.0
2012-01-03,77.0
2012-01-04,77.0
2012-01-05,78.0
2012-01-06,78.0
2012-01-07,0.0
2012-01-08,0.0
2012-01-09,81.0
2012-01-10,82.0
2012-01-11,83.0
2012-01-12,83.0
2012-01-13,83.0
2012-01-14,0.0
2012-01-15,0.0
2012-01-16,0.0
2012-01-17,88.0
2012-01-18,90.0
2012-01-19,89.0
2012-01-20,88.0
2012-01-21,0.0
2012-01-22,0.0
2012-01-23,87.0
2012-01-24,87.0
2012-01-25,84.0
2012-01-26,82.0
2012-01-27,82.0
2012-01-28,0.0
2012-01-29,0.0
2012-01-30,82.0
2012-01-31,85.0
2012-02-01,87.0
2012-02-02,88.0
2012-02-03,88.0
2012-02-04,0.0
2012-02-05,0.0
2012-02-06,88.0
2012-02-07,86.0
2012-02-08,86.0
2012-02-09,85.0
2012-02-10,83.0
2012-02-11,0.0
2012-02-12,0.0
2012-02-13,83.0
2012-02-14,81.0
2012-02-15,82.0
2012-02-16,81.0
2012-02-17,80.0
2012-02-18,0.0
2012-02-19,0.0
2012-02-20,0.0
2012-02-21,79.0
2012-02-22,78.0
2012-02-23,79.0
2012-02-24,79.0
2012-02-25,0.0
2012-02-26,0.0
2012-02-27,75.0
2012-02-28,75.0
2012-02-29,72.0
2012-03-01,70.0
2012-03-02,68.0
2012-03-03,0.0
2012-03-04,0.0
2012-03-05,66.0
2012-03-06,63.0
2012-03-07,62.0
2012-03-08,63.0
2012-03-09,70.0
2012-03-10,0.0
2012-03-11,0.0
2012-03-12,74.0
2012-03-13,79.0
2012-03-14,79.0
2012-03-15,79.0
2012-03-16,77.0
2012-03-17,0.0
2012-03-18,0.0
2012-03-19,73.0
2012-03-20,73.0
2012-03-21,71.0
2012-03-22,66.0
2012-03-23,71.0
2012-03-24,0.0
2012-03-25,0.0
2012-03-26,66.0
2012-03-27,66.0
2012-03-28,62.0
2012-03-29,62.0
2012-03-30,63.0
2012-03-31,0.0
2012-04-01,0.0
2012-04-02,63.0
2012-04-03,61.0
2012-04-04,63.0
2012-04-05,55.0
2012-04-06,0.0
2012-04-07,0.0
2012-04-08,0.0
2012-04-09,46.0
2012-04-10,39.0
2012-04-11,39.0
2012-04-12,38.0
2012-04-13,38.0
2012-04-14,0.0
2012-04-15,0.0
2012-04-16,37.0
2012-04-17,37.0
2012-04-18,36.0
2012-04-19,35.0
2012-04-20,35.0
2012-04-21,0.0
2012-04-22,0.0
2012-04-23,34.0
2012-04-24,34.0
2012-04-25,38.0
2012-04-26,40.0
2012-04-27,41.0
2012-04-28,0.0
2012-04-29,0.0
2012-04-30,43.0
2012-05-01,42.0
2012-05-02,42.0
2012-05-03,41.0
2012-05-04,41.0
2012-05-05,0.0
2012-05-06,0.0
2012-05-07,38.0
2012-05-08,32.0
2012-05-09,32.0
2012-05-10,32.0
2012-05-11,25.0
2012-05-12,0.0
2012-05-13,0.0
2012-05-14,23.0
2012-05-15,20.0
2012-05-16,14.0
2012-05-17,12.0
2012-05-18,12.0
2012-05-19,0.0
2012-05-20,0.0
2012-05-21,16.0
2012-05-22,15.0
2012-05-23,15.0
2012-05-24,14.0
2012-05-25,13.0
2012-05-26,0.0
2012-05-27,0.0
2012-05-28,0.0
2012-05-29,14.0
2012-05-30,12.0
2012-05-31,10.0
2012-06-01,10.0
2012-06-02,0.0
2012-06-03,0.0
2012-06-04,14.0
2012-06-05,14.0
2012-06-06,15.0
2012-06-07,16.0
2012-06-08,19.0
2012-06-09,0.0
2012-06-10,0.0
2012-06-11,20.0
2012-06-12,22.0
2012-06-13,19.0
2012-06-14,27.0
2012-06-15,35.0
2012-06-16,0.0
2012-06-17,0.0
2012-06-18,36.0
2012-06-19,36.0
2012-06-20,36.0
2012-06-21,33.0
2012-06-22,33.0
2012-06-23,0.0
2012-06-24,0.0
2012-06-25,39.0
2012-06-26,41.0
2012-06-27,41.0
2012-06-28,48.0
2012-06-29,53.0
2012-06-30,0.0
2012-07-01,0.0
2012-07-02,56.0
2012-07-03,59.0
2012-07-04,0.0
2012-07-05,55.0
2012-07-06,51.0
2012-07-07,0.0
2012-07-08,0.0
2012-07-09,46.0
2012-07-10,48.0
2012-07-11,44.0
2012-07-12,44.0
2012-07-13,45.0
2012-07-14,0.0
2012-07-15,0.0
2012-07-16,48.0
2012-07-17,52.0
2012-07-18,52.0
2012-07-19,51.0
2012-07-20,51.0
2012-07-21,0.0
2012-07-22,0.0
2012-07-23,47.0
2012-07-24,41.0
2012-07-25,51.0
2012-07-26,55.0
2012-07-27,61.0
2012-07-28,0.0
2012-07-29,0.0
2012-07-30,57.0
2012-07-31,55.0
2012-08-01,55.0
2012-08-02,49.0
2012-08-03,63.0
2012-08-04,0.0
2012-08-05,0.0
2012-08-06,71.0
2012-08-07,70.0
2012-08-08,73.0
2012-08-09,75.0
2012-08-10,70.0
2012-08-11,0.0
2012-08-12,0.0
2012-08-13,75.0
2012-08-14,74.0
2012-08-15,72.0
2012-08-16,78.0
2012-08-17,79.0
2012-08-18,0.0
2012-08-19,0.0
2012-08-20,75.0
2012-08-21,74.0
2012-08-22,74.0
2012-08-23,72.0
2012-08-24,70.0
2012-08-25,0.0
2012-08-26,0.0
2012-08-27,68.0
2012-08-28,68.0
2012-08-29,63.0
2012-08-30,63.0
2012-08-31,59.0
2012-09-01,0.0
2012-09-02,0.0
2012-09-03,0.0
2012-09-04,71.0
2012-09-05,74.0
2012-09-06,76.0
2012-09-07,83.0
2012-09-08,0.0
2012-09-09,0.0
2012-09-10,78.0
2012-09-11,86.0
2012-09-12,84.0
2012-09-13,91.0
2012-09-14,93.0
2012-09-15,0.0
2012-09-16,0.0
2012-09-17,92.0
2012-09-18,92.0
2012-09-19,92.0
2012-09-20,93.0
2012-09-21,93.0
2012-09-22,0.0
2012-09-23,0.0
2012-09-24,81.0
2012-09-25,81.0
2012-09-26,70.0
2012-09-27,76.0
2012-09-28,71.0
2012-09-29,0.0
2012-09-30,0.0
2012-10-01,72.0
2012-10-02,75.0
2012-10-03,76.0
2012-10-04,77.0
2012-10-05,78.0
2012-10-06,0.0
2012-10-07,0.0
2012-10-08,72.0
2012-10-09,66.0
2012-10-10,59.0
2012-10-11,56.0
2012-10-12,56.0
2012-10-13,0.0
2012-10-14,0.0
2012-10-15,54.0
2012-10-16,63.0
2012-10-17,61.0
2012-10-18,53.0
2012-10-19,56.0
2012-10-20,0.0
2012-10-21,0.0
2012-10-22,56.0
2012-10-23,42.0
2012-10-24,45.0
2012-10-25,41.0
2012-10-26,40.0
2012-10-27,0.0
2012-10-28,0.0
2012-10-29,0.0
2012-10-30,0.0
2012-10-31,45.0
2012-11-01,50.0
2012-11-02,50.0
2012-11-03,0.0
2012-11-04,0.0
2012-11-05,46.0
2012-11-06,47.0
2012-11-07,45.0
2012-11-08,40.0
2012-11-09,39.0
2012-11-10,0.0
2012-11-11,0.0
2012-11-12,35.0
2012-11-13,37.0
2012-11-14,31.0
2012-11-15,28.0
2012-11-16,28.0
2012-11-17,0.0
2012-11-18,0.0
2012-11-19,38.0
2012-11-20,42.0
2012-11-21,39.0
2012-11-22,0.0
2012-11-23,47.0
2012-11-24,0.0
2012-11-25,0.0
2012-11-26,47.0
2012-11-27,49.0
2012-11-28,49.0
2012-11-29,52.0
2012-11-30,50.0
2012-12-01,0.0
2012-12-02,0.0
2012-12-03,45.0
2012-12-04,45.0
2012-12-05,45.0
2012-12-06,45.0
2012-12-07,51.0
2012-12-08,0.0
2012-12-09,0.0
2012-12-10,55.0
2012-12-11,55.0
2012-12-12,58.0
2012-12-13,60.0
2012-12-14,57.0
2012-12-15,0.0
2012-12-16,0.0
2012-12-17,64.0
2012-12-18,67.0
2012-12-19,64.0
2012-12-20,59.0
2012-12-21,56.0
2012-12-22,0.0
2012-12-23,0.0
2012-12-24,51.0
2012-12-25,0.0
2012-12-26,58.0
2012-12-27,58.0
2012-12-28,66.0
2012-12-29,0.0
2012-12-30,0.0
2012-12-31,66.0
2013-01-01,0.0
2013-01-02,68.0
2013-01-03,69.0
2013-01-04,82.0
2013-01-05,0.0
2013-01-06,0.0
2013-01-07,82.0
2013-01-08,80.0
2013-01-09,81.0
2013-01-10,85.0
2013-01-11,85.0
2013-01-12,0.0
2013-01-13,0.0
2013-01-14,86.0
2013-01-15,89.0
2013-01-16,85.0
2013-01-17,86.0
2013-01-18,89.0
2013-01-19,0.0
2013-01-20,0.0
2013-01-21,0.0
2013-01-22,89.0
2013-01-23,92.0
2013-01-24,92.0
2013-01-25,91.0
2013-01-26,0.0
2013-01-27,0.0
2013-01-28,93.0
2013-01-29,94.0
2013-01-30,93.0
2013-01-31,89.0
2013-02-01,88.0
2013-02-02,0.0
2013-02-03,0.0
2013-02-04,80.0
2013-02-05,88.0
2013-02-06,81.0
2013-02-07,85.0
2013-02-08,83.0
2013-02-09,0.0
2013-02-10,0.0
2013-02-11,82.0
2013-02-12,82.0
2013-02-13,83.0
2013-02-14,87.0
2013-02-15,84.0
2013-02-16,0.0
2013-02-17,0.0
2013-02-18,0.0
2013-02-19,81.0
2013-02-20,79.0
2013-02-21,68.0
2013-02-22,78.0
2013-02-23,0.0
2013-02-24,0.0
2013-02-25,62.0
2013-02-26,61.0
2013-02-27,56.0
2013-02-28,61.0
2013-03-01,60.0
2013-03-02,0.0
2013-03-03,0.0
2013-03-04,60.0
2013-03-05,71.0
2013-03-06,69.0
2013-03-07,73.0
2013-03-08,82.0
2013-03-09,0.0
2013-03-10,0.0
2013-03-11,79.0
2013-03-12,77.0
2013-03-13,77.0
2013-03-14,79.0
2013-03-15,77.0
2013-03-16,0.0
2013-03-17,0.0
2013-03-18,70.0
2013-03-19,73.0
2013-03-20,69.0
2013-03-21,69.0
2013-03-22,69.0
2013-03-23,0.0
2013-03-24,0.0
2013-03-25,70.0
2013-03-26,68.0
2013-03-27,70.0
2013-03-28,72.0
2013-03-29,0.0
2013-03-30,0.0
2013-03-31,0.0
2013-04-01,63.0
2013-04-02,63.0
2013-04-03,59.0
2013-04-04,55.0
2013-04-05,52.0
2013-04-06,0.0
2013-04-07,0.0
2013-04-08,53.0
2013-04-09,56.0
2013-04-10,56.0
2013-04-11,57.0
2013-04-12,57.0
2013-04-13,0.0
2013-04-14,0.0
2013-04-15,41.0
2013-04-16,52.0
2013-04-17,47.0
2013-04-18,35.0
2013-04-19,41.0
2013-04-20,0.0
2013-04-21,0.0
2013-04-22,42.0
2013-04-23,46.0
2013-04-24,48.0
2013-04-25,53.0
2013-04-26,53.0
2013-04-27,0.0
2013-04-28,0.0
2013-04-29,60.0
2013-04-30,61.0
2013-05-01,62.0
2013-05-02,63.0
2013-05-03,64.0
2013-05-04,0.0
2013-05-05,0.0
2013-05-06,73.0
2013-05-07,78.0
2013-05-08,77.0
2013-05-09,76.0
2013-05-10,77.0
2013-05-11,0.0
2013-05-12,0.0
2013-05-13,80.0
2013-05-14,86.0
2013-05-15,87.0
2013-05-16,85.0
2013-05-17,91.0
2013-05-18,0.0
2013-05-19,0.0
2013-05-20,83.0
2013-05-21,83.0
2013-05-22,83.0
2013-05-23,80.0
2013-05-24,75.0
2013-05-25,0.0
2013-05-26,0.0
2013-05-27,0.0
2013-05-28,67.0
2013-05-29,66.0
2013-05-30,72.0
2013-05-31,60.0
2013-06-01,0.0
2013-06-02,0.0
2013-06-03,55.0
2013-06-04,48.0
2013-06-05,32.0
2013-06-06,34.0
2013-06-07,40.0
2013-06-08,0.0
2013-06-09,0.0
2013-06-10,34.0
2013-06-11,31.0
2013-06-12,30.0
2013-06-13,30.0
2013-06-14,29.0
2013-06-15,0.0
2013-06-16,0.0
2013-06-17,24.0
2013-06-18,24.0
2013-06-19,21.0
2013-06-20,19.0
2013-06-21,19.0
2013-06-22,0.0
2013-06-23,0.0
2013-06-24,18.0
2013-06-25,19.0
2013-06-26,20.0
2013-06-27,21.0
2013-06-28,22.0
2013-06-29,0.0
2013-06-30,0.0
2013-07-01,25.0
2013-07-02,29.0
2013-07-03,30.0
2013-07-04,0.0
2013-07-05,38.0
2013-07-06,0.0
2013-07-07,0.0
2013-07-08,40.0
2013-07-09,48.0
2013-07-10,49.0
2013-07-11,51.0
2013-07-12,61.0
2013-07-13,0.0
2013-07-14,0.0
2013-07-15,60.0
2013-07-16,62.0
2013-07-17,57.0
2013-07-18,62.0
2013-07-19,68.0
2013-07-20,0.0
2013-07-21,0.0
2013-07-22,63.0
2013-07-23,65.0
2013-07-24,64.0
2013-07-25,62.0
2013-07-26,64.0
2013-07-27,0.0
2013-07-28,0.0
2013-07-29,59.0
2013-07-30,62.0
2013-07-31,61.0
2013-08-01,68.0
2013-08-02,62.0
2013-08-03,0.0
2013-08-04,0.0
2013-08-05,61.0
2013-08-06,54.0
2013-08-07,47.0
2013-08-08,52.0
2013-08-09,44.0
2013-08-10,0.0
2013-08-11,0.0
2013-08-12,50.0
2013-08-13,50.0
2013-08-14,46.0
2013-08-15,43.0
2013-08-16,39.0
2013-08-17,0.0
2013-08-18,0.0
2013-08-19,32.0
2013-08-20,26.0
2013-08-21,26.0
2013-08-22,32.0
2013-08-23,27.0
2013-08-24,0.0
2013-08-25,0.0
2013-08-26,25.0
2013-08-27,18.0
2013-08-28,24.0
2013-08-29,23.0
2013-08-30,20.0
2013-08-31,0.0
2013-09-01,0.0
2013-09-02,0.0
2013-09-03,17.0
2013-09-04,28.0
2013-09-05,33.0
2013-09-06,36.0
2013-09-07,0.0
2013-09-08,0.0
2013-09-09,43.0
2013-09-10,52.0
2013-09-11,47.0
2013-09-12,46.0
2013-09-13,48.0
2013-09-14,0.0
2013-09-15,0.0
2013-09-16,50.0
2013-09-17,54.0
2013-09-18,56.0
2013-09-19,62.0
2013-09-20,57.0
2013-09-21,0.0
2013-09-22,0.0
2013-09-23,49.0
2013-09-24,48.0
2013-09-25,47.0
2013-09-26,39.0
2013-09-27,41.0
2013-09-28,0.0
2013-09-29,0.0
2013-09-30,35.0
2013-10-01,40.0
2013-10-02,35.0
2013-10-03,29.0
2013-10-04,34.0
2013-10-05,0.0
2013-10-06,0.0
2013-10-07,27.0
2013-10-08,20.0
2013-10-09,29.0
2013-10-10,35.0
2013-10-11,31.0
2013-10-12,0.0
2013-10-13,0.0
2013-10-14,39.0
2013-10-15,39.0
2013-10-16,46.0
2013-10-17,48.0
2013-10-18,56.0
2013-10-19,0.0
2013-10-20,0.0
2013-10-21,53.0
2013-10-22,55.0
2013-10-23,61.0
2013-10-24,62.0
2013-10-25,62.0
2013-10-26,0.0
2013-10-27,0.0
2013-10-28,64.0
2013-10-29,64.0
2013-10-30,64.0
2013-10-31,66.0
2013-11-01,67.0
2013-11-02,0.0
2013-11-03,0.0
2013-11-04,68.0
2013-11-05,68.0
2013-11-06,68.0
2013-11-07,68.0
2013-11-08,68.0
2013-11-09,0.0
2013-11-10,0.0
2013-11-11,67.0
2013-11-12,69.0
2013-11-13,70.0
2013-11-14,70.0
2013-11-15,71.0
2013-11-16,0.0
2013-11-17,0.0
2013-11-18,71.0
2013-11-19,67.0
2013-11-20,68.0
2013-11-21,68.0
2013-11-22,68.0
2013-11-23,0.0
2013-11-24,0.0
2013-11-25,66.0
2013-11-26,64.0
2013-11-27,67.0
2013-11-28,0.0
2013-11-29,70.0
2013-11-30,0.0
2013-12-01,0.0
2013-12-02,66.0
2013-12-03,65.0
2013-12-04,65.0
2013-12-05,57.0
2013-12-06,63.0
2013-12-07,0.0
2013-12-08,0.0
2013-12-09,53.0
2013-12-10,52.0
2013-12-11,51.0
2013-12-12,43.0
2013-12-13,38.0
2013-12-14,0.0
2013-12-15,0.0
2013-12-16,45.0
2013-12-17,38.0
2013-12-18,49.0
2013-12-19,50.0
2013-12-20,52.0
2013-12-21,0.0
2013-12-22,0.0
2013-12-23,61.0
2013-12-24,66.0
2013-12-25,0.0
2013-12-26,63.0
2013-12-27,72.0
2013-12-28,0.0
2013-12-29,0.0
2013-12-30,70.0
2013-12-31,77.0
2014-01-01,0.0
2014-01-02,71.0
2014-01-03,66.0
2014-01-04,0.0
2014-01-05,0.0
2014-01-06,64.0
2014-01-07,67.0
2014-01-08,64.0
2014-01-09,68.0
2014-01-10,66.0
2014-01-11,0.0
2014-01-12,0.0
2014-01-13,61.0
2014-01-14,68.0
2014-01-15,65.0
2014-01-16,63.0
2014-01-17,59.0
2014-01-18,0.0
2014-01-19,0.0
2014-01-20,0.0
2014-01-21,62.0
2014-01-22,45.0
2014-01-23,46.0
2014-01-24,27.0
2014-01-25,0.0
2014-01-26,0.0
2014-01-27,25.0
2014-01-28,29.0
2014-01-29,20.0
2014-01-30,18.0
2014-01-31,20.0
2014-02-01,0.0
2014-02-02,0.0
2014-02-03,13.0
2014-02-04,15.0
2014-02-05,20.0
2014-02-06,17.0
2014-02-07,22.0
2014-02-08,0.0
2014-02-09,0.0
2014-02-10,28.0
2014-02-11,29.0
2014-02-12,32.0
2014-02-13,32.0
2014-02-14,30.0
2014-02-15,0.0
2014-02-16,0.0
2014-02-17,0.0
2014-02-18,42.0
2014-02-19,39.0
2014-02-20,45.0
2014-02-21,48.0
2014-02-22,0.0
2014-02-23,0.0
2014-02-24,55.0
2014-02-25,57.0
2014-02-26,58.0
2014-02-27,62.0
2014-02-28,56.0
2014-03-01,0.0
2014-03-02,0.0
2014-03-03,63.0
2014-03-04,66.0
2014-03-05,78.0
2014-03-06,80.0
2014-03-07,81.0
2014-03-08,0.0
2014-03-09,0.0
2014-03-10,81.0
2014-03-11,76.0
2014-03-12,57.0
2014-03-13,49.0
2014-03-14,44.0
2014-03-15,0.0
2014-03-16,0.0
2014-03-17,49.0
2014-03-18,51.0
2014-03-19,53.0
2014-03-20,54.0
2014-03-21,56.0
2014-03-22,0.0
2014-03-23,0.0
2014-03-24,49.0
2014-03-25,43.0
2014-03-26,43.0
2014-03-27,34.0
2014-03-28,36.0
2014-03-29,0.0
2014-03-30,0.0
2014-03-31,50.0
2014-04-01,51.0
2014-04-02,53.0
2014-04-03,51.0
2014-04-04,49.0
2014-04-05,0.0
2014-04-06,0.0
2014-04-07,35.0
2014-04-08,34.0
2014-04-09,31.0
2014-04-10,31.0
2014-04-11,21.0
2014-04-12,0.0
2014-04-13,0.0
2014-04-14,23.0
2014-04-15,23.0
2014-04-16,28.0
2014-04-17,28.0
2014-04-18,0.0
2014-04-19,0.0
2014-04-20,0.0
2014-04-21,38.0
2014-04-22,40.0
2014-04-23,40.0
2014-04-24,39.0
2014-04-25,35.0
2014-04-26,0.0
2014-04-27,0.0
2014-04-28,34.0
2014-04-29,34.0
2014-04-30,33.0
2014-05-01,30.0
2014-05-02,32.0
2014-05-03,0.0
2014-05-04,0.0
2014-05-05,34.0
2014-05-06,34.0
2014-05-07,33.0
2014-05-08,33.0
2014-05-09,42.0
2014-05-10,0.0
2014-05-11,0.0
2014-05-12,45.0
2014-05-13,39.0
2014-05-14,38.0
2014-05-15,28.0
2014-05-16,28.0
2014-05-17,0.0
2014-05-18,0.0
2014-05-19,26.0
2014-05-20,21.0
2014-05-21,29.0
2014-05-22,36.0
2014-05-23,37.0
2014-05-24,0.0
2014-05-25,0.0
2014-05-26,0.0
2014-05-27,40.0
2014-05-28,42.0
2014-05-29,42.0
2014-05-30,45.0
2014-05-31,0.0
2014-06-01,0.0
2014-06-02,58.0
2014-06-03,66.0
2014-06-04,66.0
2014-06-05,81.0
2014-06-06,81.0
2014-06-07,0.0
2014-06-08,0.0
2014-06-09,89.0
2014-06-10,90.0
2014-06-11,88.0
2014-06-12,83.0
2014-06-13,85.0
2014-06-14,0.0
2014-06-15,0.0
2014-06-16,87.0
2014-06-17,88.0
2014-06-18,94.0
2014-06-19,95.0
2014-06-20,95.0
2014-06-21,0.0
2014-06-22,0.0
2014-06-23,93.0
2014-06-24,83.0
2014-06-25,83.0
2014-06-26,77.0
2014-06-27,76.0
2014-06-28,0.0
2014-06-29,0.0
2014-06-30,87.0
2014-07-01,87.0
2014-07-02,87.0
2014-07-03,86.0
2014-07-04,0.0
2014-07-05,0.0
2014-07-06,0.0
2014-07-07,68.0
2014-07-08,74.0
2014-07-09,62.0
2014-07-10,56.0
2014-07-11,57.0
2014-07-12,0.0
2014-07-13,0.0
2014-07-14,59.0
2014-07-15,56.0
2014-07-16,55.0
2014-07-17,32.0
2014-07-18,46.0
2014-07-19,0.0
2014-07-20,0.0
2014-07-21,37.0
2014-07-22,38.0
2014-07-23,39.0
2014-07-24,42.0
2014-07-25,34.0
2014-07-26,0.0
2014-07-27,0.0
2014-07-28,34.0
2014-07-29,31.0
2014-07-30,26.0
2014-07-31,10.0
2014-08-01,5.0
2014-08-02,0.0
2014-08-03,0.0
2014-08-04,5.0
2014-08-05,5.0
2014-08-06,5.0
2014-08-07,5.0
2014-08-08,10.0
2014-08-09,0.0
2014-08-10,0.0
2014-08-11,7.0
2014-08-12,8.0
2014-08-13,13.0
2014-08-14,16.0
2014-08-15,14.0
2014-08-16,0.0
2014-08-17,0.0
2014-08-18,26.0
2014-08-19,31.0
2014-08-20,37.0
2014-08-21,36.0
2014-08-22,37.0
2014-08-23,0.0
2014-08-24,0.0
2014-08-25,35.0
2014-08-26,36.0
2014-08-27,33.0
2014-08-28,33.0
2014-08-29,41.0
2014-08-30,0.0
2014-08-31,0.0
2014-09-01,0.0
2014-09-02,48.0
2014-09-03,48.0
2014-09-04,47.0
2014-09-05,50.0
2014-09-06,0.0
2014-09-07,0.0
2014-09-08,47.0
2014-09-09,42.0
2014-09-10,45.0
2014-09-11,44.0
2014-09-12,43.0
2014-09-13,0.0
2014-09-14,0.0
2014-09-15,38.0
2014-09-16,37.0
2014-09-17,42.0
2014-09-18,37.0
2014-09-19,36.0
2014-09-20,0.0
2014-09-21,0.0
2014-09-22,22.0
2014-09-23,18.0
2014-09-24,17.0
2014-09-25,8.0
2014-09-26,13.0
2014-09-27,0.0
2014-09-28,0.0
2014-09-29,11.0
2014-09-30,12.0
2014-10-01,7.0
2014-10-02,3.0
2014-10-03,5.0
2014-10-04,0.0
2014-10-05,0.0
2014-10-06,5.0
2014-10-07,6.0
2014-10-08,4.0
2014-10-09,3.0
2014-10-10,1.0
2014-10-11,0.0
2014-10-12,0.0
2014-10-13,0.0
2014-10-14,2.0
2014-10-15,1.0
2014-10-16,2.0
2014-10-17,7.0
2014-10-18,0.0
2014-10-19,0.0
2014-10-20,5.0
2014-10-21,7.0
2014-10-22,8.0
2014-10-23,11.0
2014-10-24,13.0
2014-10-25,0.0
2014-10-26,0.0
2014-10-27,16.0
2014-10-28,21.0
2014-10-29,25.0
2014-10-30,31.0
2014-10-31,32.0
2014-11-01,0.0
2014-11-02,0.0
2014-11-03,40.0
2014-11-04,40.0
2014-11-05,49.0
2014-11-06,49.0
2014-11-07,55.0
2014-11-08,0.0
2014-11-09,0.0
2014-11-10,57.0
2014-11-11,58.0
2014-11-12,56.0
2014-11-13,54.0
2014-11-14,53.0
2014-11-15,0.0
2014-11-16,0.0
2014-11-17,53.0
2014-11-18,54.0
2014-11-19,55.0
2014-11-20,59.0
2014-11-21,59.0
2014-11-22,0.0
2014-11-23,0.0
2014-11-24,62.0
2014-11-25,62.0
2014-11-26,63.0
2014-11-27,0.0
2014-11-28,59.0
2014-11-29,0.0
2014-11-30,0.0
2014-12-01,55.0
2014-12-02,55.0
2014-12-03,59.0
2014-12-04,59.0
2014-12-05,61.0
2014-12-06,0.0
2014-12-07,0.0
2014-12-08,55.0
2014-12-09,46.0
2014-12-10,41.0
2014-12-11,37.0
2014-12-12,31.0
2014-12-13,0.0
2014-12-14,0.0
2014-12-15,22.0
2014-12-16,19.0
2014-12-17,21.0
2014-12-18,33.0
2014-12-19,33.0
2014-12-20,0.0
2014-12-21,0.0
2014-12-22,43.0
2014-12-23,45.0
2014-12-24,47.0
2014-12-25,0.0
2014-12-26,48.0
2014-12-27,0.0
2014-12-28,0.0
2014-12-29,47.0
2014-12-30,47.0
2014-12-31,45.0
2015-01-01,0.0
2015-01-02,37.0
2015-01-03,0.0
2015-01-04,0.0
2015-01-05,30.0
2015-01-06,21.0
2015-01-07,21.0
2015-01-08,28.0
2015-01-09,29.0
2015-01-10,0.0
2015-01-11,0.0
2015-01-12,30.0
2015-01-13,29.0
2015-01-14,30.0
2015-01-15,30.0
2015-01-16,26.0
2015-01-17,0.0
2015-01-18,0.0
2015-01-19,0.0
2015-01-20,25.0
2015-01-21,28.0
2015-01-22,32.0
2015-01-23,31.0
2015-01-24,0.0
2015-01-25,0.0
2015-01-26,28.0
2015-01-27,28.0
2015-01-28,26.0
2015-01-29,26.0
2015-01-30,25.0
2015-01-31,0.0
2015-02-01,0.0
2015-02-02,30.0
2015-02-03,46.0
2015-02-04,42.0
2015-02-05,50.0
2015-02-06,52.0
2015-02-07,0.0
2015-02-08,0.0
2015-02-09,52.0
2015-02-10,54.0
2015-02-11,61.0
2015-02-12,64.0
2015-02-13,73.0
2015-02-14,0.0
2015-02-15,0.0
2015-02-16,0.0
2015-02-17,77.0
2015-02-18,79.0
2015-02-19,77.0
2015-02-20,80.0
2015-02-21,0.0
2015-02-22,0.0
2015-02-23,77.0
2015-02-24,75.0
2015-02-25,77.0
2015-02-26,78.0
2015-02-27,74.0
2015-02-28,0.0
2015-03-01,0.0
2015-03-02,74.0
2015-03-03,66.0
2015-03-04,66.0
2015-03-05,65.0
2015-03-06,58.0
2015-03-07,0.0
2015-03-08,0.0
2015-03-09,58.0
2015-03-10,52.0
2015-03-11,44.0
2015-03-12,46.0
2015-03-13,39.0
2015-03-14,0.0
2015-03-15,0.0
2015-03-16,42.0
2015-03-17,40.0
2015-03-18,39.0
2015-03-19,43.0
2015-03-20,43.0
2015-03-21,0.0
2015-03-22,0.0
2015-03-23,48.0
2015-03-24,44.0
2015-03-25,44.0
2015-03-26,37.0
2015-03-27,36.0
2015-03-28,0.0
2015-03-29,0.0
2015-03-30,37.0
2015-03-31,37.0
2015-04-01,35.0
2015-04-02,40.0
2015-04-03,0.0
2015-04-04,0.0
2015-04-05,0.0
2015-04-06,43.0
2015-04-07,48.0
2015-04-08,48.0
2015-04-09,56.0
2015-04-10,56.0
2015-04-11,0.0
2015-04-12,0.0
2015-04-13,60.0
2015-04-14,60.0
2015-04-15,60.0
2015-04-16,57.0
2015-04-17,57.0
2015-04-18,0.0
2015-04-19,0.0
2015-04-20,55.0
2015-04-21,59.0
2015-04-22,59.0
2015-04-23,64.0
2015-04-24,66.0
2015-04-25,0.0
2015-04-26,0.0
2015-04-27,59.0
2015-04-28,61.0
2015-04-29,61.0
2015-04-30,53.0
2015-05-01,61.0
2015-05-02,0.0
2015-05-03,0.0
2015-05-04,61.0
2015-05-05,58.0
2015-05-06,58.0
2015-05-07,53.0
2015-05-08,58.0
2015-05-09,0.0
2015-05-10,0.0
2015-05-11,53.0
2015-05-12,49.0
2015-05-13,55.0
2015-05-14,57.0
2015-05-15,57.0
2015-05-16,0.0
2015-05-17,0.0
2015-05-18,62.0
2015-05-19,62.0
2015-05-20,64.0
2015-05-21,64.0
2015-05-22,60.0
2015-05-23,0.0
2015-05-24,0.0
2015-05-25,0.0
2015-05-26,50.0
2015-05-27,47.0
2015-05-28,47.0
2015-05-29,43.0
2015-05-30,0.0
2015-05-31,0.0
2015-06-01,40.0
2015-06-02,43.0
2015-06-03,45.0
2015-06-04,44.0
2015-06-05,40.0
2015-06-06,0.0
2015-06-07,0.0
2015-06-08,36.0
2015-06-09,36.0
2015-06-10,37.0
2015-06-11,41.0
2015-06-12,30.0
2015-06-13,0.0
2015-06-14,0.0
2015-06-15,26.0
2015-06-16,27.0
2015-06-17,26.0
2015-06-18,34.0
2015-06-19,30.0
2015-06-20,0.0
2015-06-21,0.0
2015-06-22,42.0
2015-06-23,49.0
2015-06-24,36.0
2015-06-25,34.0
2015-06-26,33.0
2015-06-27,0.0
2015-06-28,0.0
2015-06-29,8.0
2015-06-30,11.0
2015-07-01,18.0
2015-07-02,16.0
2015-07-03,0.0
2015-07-04,0.0
2015-07-05,0.0
2015-07-06,13.0
2015-07-07,13.0
2015-07-08,9.0
2015-07-09,12.0
2015-07-10,14.0
2015-07-11,0.0
2015-07-12,0.0
2015-07-13,24.0
2015-07-14,24.0
2015-07-15,30.0
2015-07-16,30.0
2015-07-17,34.0
2015-07-18,0.0
2015-07-19,0.0
2015-07-20,34.0
2015-07-21,25.0
2015-07-22,20.0
2015-07-23,15.0
2015-07-24,15.0
2015-07-25,0.0
2015-07-26,0.0
2015-07-27,7.0
2015-07-28,17.0
2015-07-29,21.0
2015-07-30,21.0
2015-07-31,20.0
2015-08-01,0.0
2015-08-02,0.0
2015-08-03,24.0
2015-08-04,28.0
2015-08-05,21.0
2015-08-06,18.0
2015-08-07,10.0
2015-08-08,0.0
2015-08-09,0.0
2015-08-10,9.0
2015-08-11,12.0
2015-08-12,9.0
2015-08-13,11.0
2015-08-14,11.0
2015-08-15,0.0
2015-08-16,0.0
2015-08-17,14.0
2015-08-18,13.0
2015-08-19,13.0
2015-08-20,8.0
2015-08-21,8.0
2015-08-22,0.0
2015-08-23,0.0
2015-08-24,3.0
2015-08-25,9.0
2015-08-26,12.0
2015-08-27,13.0
2015-08-28,14.0
2015-08-29,0.0
2015-08-30,0.0
2015-08-31,14.0
2015-09-01,9.0
2015-09-02,13.0
2015-09-03,11.0
2015-09-04,10.0
2015-09-05,0.0
2015-09-06,0.0
2015-09-07,0.0
2015-09-08,13.0
2015-09-09,13.0
2015-09-10,15.0
2015-09-11,14.0
2015-09-12,0.0
2015-09-13,0.0
2015-09-14,13.0
2015-09-15,16.0
2015-09-16,16.0
2015-09-17,16.0
2015-09-18,18.0
2015-09-19,0.0
2015-09-20,0.0
2015-09-21,23.0
2015-09-22,31.0
2015-09-23,31.0
2015-09-24,22.0
2015-09-25,18.0
2015-09-26,0.0
2015-09-27,0.0
2015-09-28,15.0
2015-09-29,13.0
2015-09-30,21.0
2015-10-01,18.0
2015-10-02,24.0
2015-10-03,0.0
2015-10-04,0.0
2015-10-05,31.0
2015-10-06,36.0
2015-10-07,37.0
2015-10-08,42.0
2015-10-09,43.0
2015-10-10,0.0
2015-10-11,0.0
2015-10-12,41.0
2015-10-13,35.0
2015-10-14,35.0
2015-10-15,41.0
2015-10-16,45.0
2015-10-17,0.0
2015-10-18,0.0
2015-10-19,47.0
2015-10-20,51.0
2015-10-21,50.0
2015-10-22,55.0
2015-10-23,59.0
2015-10-24,0.0
2015-10-25,0.0
2015-10-26,61.0
2015-10-27,69.0
2015-10-28,69.0
2015-10-29,71.0
2015-10-30,70.0
2015-10-31,0.0
2015-11-01,0.0
2015-11-02,73.0
2015-11-03,73.0
2015-11-04,72.0
2015-11-05,73.0
2015-11-06,71.0
2015-11-07,0.0
2015-11-08,0.0
2015-11-09,66.0
2015-11-10,66.0
2015-11-11,63.0
2015-11-12,59.0
2015-11-13,50.0
2015-11-14,0.0
2015-11-15,0.0
2015-11-16,48.0
2015-11-17,51.0
2015-11-18,51.0
2015-11-19,52.0
2015-11-20,53.0
2015-11-21,0.0
2015-11-22,0.0
2015-11-23,53.0
2015-11-24,56.0
2015-11-25,59.0
2015-11-26,0.0
2015-11-27,58.0
2015-11-28,0.0
2015-11-29,0.0
2015-11-30,58.0
2015-12-01,55.0
2015-12-02,55.0
2015-12-03,55.0
2015-12-04,55.0
2015-12-05,0.0
2015-12-06,0.0
2015-12-07,38.0
2015-12-08,42.0
2015-12-09,35.0
2015-12-10,36.0
2015-12-11,25.0
2015-12-12,0.0
2015-12-13,0.0
2015-12-14,30.0
2015-12-15,35.0
2015-12-16,46.0
2015-12-17,37.0
2015-12-18,37.0
2015-12-19,0.0
2015-12-20,0.0
2015-12-21,35.0
2015-12-22,36.0
2015-12-23,43.0
2015-12-24,42.0
2015-12-25,0.0
2015-12-26,0.0
2015-12-27,0.0
2015-12-28,48.0
2015-12-29,48.0
2015-12-30,46.0
2015-12-31,46.0
2016-01-01,0.0
2016-01-02,0.0
2016-01-03,0.0
2016-01-04,43.0
2016-01-05,35.0
2016-01-06,35.0
2016-01-07,27.0
2016-01-08,26.0
2016-01-09,0.0
2016-01-10,0.0
2016-01-11,17.0
2016-01-12,16.0
2016-01-13,18.0
2016-01-14,15.0
2016-01-15,10.0
2016-01-16,0.0
2016-01-17,0.0
2016-01-18,0.0
2016-01-19,9.0
2016-01-20,11.0
2016-01-21,13.0
2016-01-22,14.0
2016-01-23,0.0
2016-01-24,0.0
2016-01-25,15.0
2016-01-26,16.0
2016-01-27,18.0
2016-01-28,18.0
2016-01-29,26.0
2016-01-30,0.0
2016-01-31,0.0
2016-02-01,26.0
2016-02-02,26.0
2016-02-03,24.0
2016-02-04,25.0
2016-02-05,17.0
2016-02-06,0.0
2016-02-07,0.0
2016-02-08,17.0
2016-02-09,15.0
2016-02-10,17.0
2016-02-11,18.0
2016-02-12,21.0
2016-02-13,0.0
2016-02-14,0.0
2016-02-15,0.0
2016-02-16,29.0
2016-02-17,37.0
2016-02-18,43.0
2016-02-19,43.0
2016-02-20,0.0
2016-02-21,0.0
2016-02-22,50.0
2016-02-23,50.0
2016-02-24,53.0
2016-02-25,53.0
2016-02-26,52.0
2016-02-27,0.0
2016-02-28,0.0
2016-02-29,55.0
2016-03-01,61.0
2016-03-02,66.0
2016-03-03,69.0
2016-03-04,68.0
2016-03-05,0.0
2016-03-06,0.0
2016-03-07,71.0
2016-03-08,70.0
2016-03-09,71.0
2016-03-10,72.0
2016-03-11,75.0
2016-03-12,0.0
2016-03-13,0.0
2016-03-14,74.0
2016-03-15,75.0
2016-03-16,75.0
2016-03-17,78.0
2016-03-18,79.0
2016-03-19,0.0
2016-03-20,0.0
2016-03-21,76.0
2016-03-22,76.0
2016-03-23,70.0
2016-03-24,72.0
2016-03-25,0.0
2016-03-26,0.0
2016-03-27,0.0
2016-03-28,64.0
2016-03-29,67.0
2016-03-30,67.0
2016-03-31,71.0
2016-04-01,74.0
2016-04-02,0.0
2016-04-03,0.0
2016-04-04,73.0
2016-04-05,72.0
2016-04-06,72.0
2016-04-07,72.0
2016-04-08,68.0
2016-04-09,0.0
2016-04-10,0.0
2016-04-11,66.0
2016-04-12,66.0
2016-04-13,70.0
2016-04-14,70.0
2016-04-15,70.0
2016-04-16,0.0
2016-04-17,0.0
2016-04-18,72.0
2016-04-19,73.0
2016-04-20,75.0
2016-04-21,75.0
2016-04-22,74.0
2016-04-23,0.0
2016-04-24,0.0
2016-04-25,71.0
2016-04-26,71.0
2016-04-27,72.0
2016-04-28,70.0
2016-04-29,67.0
2016-04-30,0.0
2016-05-01,0.0
2016-05-02,69.0
2016-05-03,63.0
2016-05-04,63.0
2016-05-05,60.0
2016-05-06,60.0
2016-05-07,0.0
2016-05-08,0.0
2016-05-09,60.0
2016-05-10,62.0
2016-05-11,62.0
2016-05-12,61.0
2016-05-13,59.0
2016-05-14,0.0
2016-05-15,0.0
2016-05-16,58.0
2016-05-17,54.0
2016-05-18,56.0
2016-05-19,54.0
2016-05-20,55.0
2016-05-21,0.0
2016-05-22,0.0
2016-05-23,57.0
2016-05-24,63.0
2016-05-25,68.0
2016-05-26,74.0
2016-05-27,78.0
2016-05-28,0.0
2016-05-29,0.0
2016-05-30,0.0
2016-05-31,77.0
2016-06-01,78.0
2016-06-02,79.0
2016-06-03,77.0
2016-06-04,0.0
2016-06-05,0.0
2016-06-06,79.0
2016-06-07,80.0
2016-06-08,80.0
2016-06-09,79.0
2016-06-10,63.0
2016-06-11,0.0
2016-06-12,0.0
2016-06-13,54.0
2016-06-14,54.0
2016-06-15,53.0
2016-06-16,50.0
2016-06-17,53.0
2016-06-18,0.0
2016-06-19,0.0
2016-06-20,60.0
2016-06-21,61.0
2016-06-22,61.0
2016-06-23,66.0
2016-06-24,44.0
2016-06-25,0.0
2016-06-26,0.0
2016-06-27,45.0
2016-06-28,48.0
2016-06-29,58.0
2016-06-30,62.0
2016-07-01,71.0
2016-07-02,0.0
2016-07-03,0.0
2016-07-04,0.0
2016-07-05,69.0
2016-07-06,69.0
2016-07-07,69.0
2016-07-08,75.0
2016-07-09,0.0
2016-07-10,0.0
2016-07-11,80.0
2016-07-12,86.0
2016-07-13,86.0
2016-07-14,90.0
2016-07-15,88.0
2016-07-16,0.0
2016-07-17,0.0
2016-07-18,89.0
2016-07-19,89.0
2016-07-20,88.0
2016-07-21,87.0
2016-07-22,85.0
2016-07-23,0.0
2016-07-24,0.0
2016-07-25,85.0
2016-07-26,82.0
2016-07-27,84.0
2016-07-28,82.0
2016-07-29,80.0
2016-07-30,0.0
2016-07-31,0.0
2016-08-01,64.0
2016-08-02,78.0
2016-08-03,80.0
2016-08-04,81.0
2016-08-05,85.0
2016-08-06,0.0
2016-08-07,0.0
2016-08-08,80.0
2016-08-09,75.0
2016-08-10,78.0
2016-08-11,78.0
2016-08-12,75.0
2016-08-13,0.0
2016-08-14,0.0
2016-08-15,78.0
2016-08-16,78.0
2016-08-17,77.0
2016-08-18,78.0
2016-08-19,76.0
2016-08-20,0.0
2016-08-21,0.0
2016-08-22,74.0
2016-08-23,75.0
2016-08-24,70.0
2016-08-25,65.0
2016-08-26,63.0
2016-08-27,0.0
2016-08-28,0.0
2016-08-29,64.0
2016-08-30,64.0
2016-08-31,62.0
2016-09-01,63.0
2016-09-02,63.0
2016-09-03,0.0
2016-09-04,0.0
2016-09-05,0.0
2016-09-06,65.0
2016-09-07,64.0
2016-09-08,69.0
2016-09-09,47.0
2016-09-10,0.0
2016-09-11,0.0
2016-09-12,55.0
2016-09-13,36.0
2016-09-14,34.0
2016-09-15,39.0
2016-09-16,44.0
2016-09-17,0.0
2016-09-18,0.0
2016-09-19,45.0
2016-09-20,45.0
2016-09-21,54.0
2016-09-22,59.0
2016-09-23,53.0
2016-09-24,0.0
2016-09-25,0.0
2016-09-26,47.0
2016-09-27,45.0
2016-09-28,45.0
2016-09-29,44.0
2016-09-30,43.0
2016-10-01,0.0
2016-10-02,0.0
2016-10-03,45.0
2016-10-04,49.0
2016-10-05,49.0
2016-10-06,52.0
2016-10-07,55.0
2016-10-08,0.0
2016-10-09,0.0
2016-10-10,55.0
2016-10-11,47.0
2016-10-12,45.0
2016-10-13,34.0
2016-10-14,33.0
2016-10-15,0.0
2016-10-16,0.0
2016-10-17,33.0
2016-10-18,38.0
2016-10-19,41.0
2016-10-20,38.0
2016-10-21,44.0
2016-10-22,0.0
2016-10-23,0.0
2016-10-24,49.0
2016-10-25,49.0
2016-10-26,43.0
2016-10-27,46.0
2016-10-28,33.0
2016-10-29,0.0
2016-10-30,0.0
2016-10-31,26.0
2016-11-01,22.0
2016-11-02,18.0
2016-11-03,14.0
2016-11-04,14.0
2016-11-05,0.0
2016-11-06,0.0
2016-11-07,34.0
2016-11-08,30.0
2016-11-09,42.0
2016-11-10,38.0
2016-11-11,48.0
2016-11-12,0.0
2016-11-13,0.0
2016-11-14,57.0
2016-11-15,63.0
2016-11-16,60.0
2016-11-17,63.0
2016-11-18,61.0
2016-11-19,0.0
2016-11-20,0.0
2016-11-21,68.0
2016-11-22,67.0
2016-11-23,70.0
2016-11-24,0.0
2016-11-25,71.0
2016-11-26,0.0
2016-11-27,0.0
2016-11-28,72.0
2016-11-29,72.0
2016-11-30,73.0
2016-12-01,71.0
2016-12-02,71.0
2016-12-03,0.0
2016-12-04,0.0
2016-12-05,75.0
2016-12-06,79.0
2016-12-07,83.0
2016-12-08,83.0
2016-12-09,86.0
2016-12-10,0.0
2016-12-11,0.0
2016-12-12,87.0
2016-12-13,86.0
2016-12-14,86.0
2016-12-15,86.0
2016-12-16,84.0
2016-12-17,0.0
2016-12-18,0.0
2016-12-19,79.0
2016-12-20,75.0
2016-12-21,75.0
2016-12-22,71.0
2016-12-23,66.0
2016-12-24,0.0
2016-12-25,0.0
2016-12-26,0.0
2016-12-27,70.0
2016-12-28,66.0
2016-12-29,65.0
2016-12-30,58.0
2016-12-31,0.0
2017-01-01,0.0
2017-01-02,0.0
2017-01-03,70.0
2017-01-04,70.0
2017-01-05,70.0
2017-01-06,68.0
2017-01-07,0.0
2017-01-08,0.0
2017-01-09,62.0
2017-01-10,62.0
2017-01-11,61.0
2017-01-12,55.0
2017-01-13,58.0
2017-01-14,0.0
2017-01-15,0.0
2017-01-16,0.0
2017-01-17,58.0
2017-01-18,55.0
2017-01-19,53.0
2017-01-20,53.0
2017-01-21,0.0
2017-01-22,0.0
2017-01-23,55.0
2017-01-24,59.0
2017-01-25,55.0
2017-01-26,58.0
2017-01-27,60.0
2017-01-28,0.0
2017-01-29,0.0
2017-01-30,55.0
2017-01-31,54.0
2017-02-01,55.0
2017-02-02,51.0
2017-02-03,60.0
2017-02-04,0.0
2017-02-05,0.0
2017-02-06,57.0
2017-02-07,57.0
2017-02-08,61.0
2017-02-09,66.0
2017-02-10,70.0
2017-02-11,0.0
2017-02-12,0.0
2017-02-13,72.0
2017-02-14,78.0
2017-02-15,80.0
2017-02-16,79.0
2017-02-17,78.0
2017-02-18,0.0
2017-02-19,0.0
2017-02-20,0.0
2017-02-21,83.0
2017-02-22,80.0
2017-02-23,75.0
2017-02-24,68.0
2017-02-25,0.0
2017-02-26,0.0
2017-02-27,71.0
2017-02-28,64.0
2017-03-01,81.0
2017-03-02,78.0
2017-03-03,77.0
2017-03-04,0.0
2017-03-05,0.0
2017-03-06,69.0
2017-03-07,65.0
2017-03-08,65.0
2017-03-09,62.0
2017-03-10,65.0
2017-03-11,0.0
2017-03-12,0.0
2017-03-13,64.0
2017-03-14,58.0
2017-03-15,50.0
2017-03-16,51.0
2017-03-17,45.0
2017-03-18,0.0
2017-03-19,0.0
2017-03-20,43.0
2017-03-21,37.0
2017-03-22,32.0
2017-03-23,31.0
2017-03-24,31.0
2017-03-25,0.0
2017-03-26,0.0
2017-03-27,27.0
2017-03-28,39.0
2017-03-29,39.0
2017-03-30,43.0
2017-03-31,47.0
2017-04-01,0.0
2017-04-02,0.0
2017-04-03,45.0
2017-04-04,43.0
2017-04-05,43.0
2017-04-06,43.0
2017-04-07,40.0
2017-04-08,0.0
2017-04-09,0.0
2017-04-10,32.0
2017-04-11,31.0
2017-04-12,28.0
2017-04-13,25.0
2017-04-14,0.0
2017-04-15,0.0
2017-04-16,0.0
2017-04-17,30.0
2017-04-18,32.0
2017-04-19,30.0
2017-04-20,34.0
2017-04-21,37.0
2017-04-22,0.0
2017-04-23,0.0
2017-04-24,39.0
2017-04-25,46.0
2017-04-26,48.0
2017-04-27,50.0
2017-04-28,49.0
2017-04-29,0.0
2017-04-30,0.0
2017-05-01,51.0
2017-05-02,47.0
2017-05-03,47.0
2017-05-04,45.0
2017-05-05,47.0
2017-05-06,0.0
2017-05-07,0.0
2017-05-08,55.0
2017-05-09,61.0
2017-05-10,61.0
2017-05-11,63.0
2017-05-12,62.0
2017-05-13,0.0
2017-05-14,0.0
2017-05-15,54.0
2017-05-16,66.0
2017-05-17,45.0
2017-05-18,47.0
2017-05-19,49.0
2017-05-20,0.0
2017-05-21,0.0
2017-05-22,52.0
2017-05-23,49.0
2017-05-24,54.0
2017-05-25,57.0
2017-05-26,58.0
2017-05-27,0.0
2017-05-28,0.0
2017-05-29,0.0
2017-05-30,52.0
2017-05-31,50.0
2017-06-01,58.0
2017-06-02,57.0
2017-06-03,0.0
2017-06-04,0.0
2017-06-05,58.0
2017-06-06,55.0
2017-06-07,55.0
2017-06-08,55.0
2017-06-09,54.0
2017-06-10,0.0
2017-06-11,0.0
2017-06-12,53.0
2017-06-13,55.0
2017-06-14,52.0
2017-06-15,52.0
2017-06-16,50.0
2017-06-17,0.0
2017-06-18,0.0
2017-06-19,57.0
2017-06-20,50.0
2017-06-21,47.0
2017-06-22,50.0
2017-06-23,52.0
2017-06-24,0.0
2017-06-25,0.0
2017-06-26,53.0
2017-06-27,48.0
2017-06-28,60.0
2017-06-29,47.0
2017-06-30,49.0
2017-07-01,0.0
2017-07-02,0.0
2017-07-03,52.0
2017-07-04,0.0
2017-07-05,57.0
2017-07-06,44.0
2017-07-07,49.0
2017-07-08,0.0
2017-07-09,0.0
2017-07-10,46.0
2017-07-11,44.0
2017-07-12,47.0
2017-07-13,54.0
2017-07-14,64.0
2017-07-15,0.0
2017-07-16,0.0
2017-07-17,67.0
2017-07-18,74.0
2017-07-19,69.0
2017-07-20,73.0
2017-07-21,73.0
2017-07-22,0.0
2017-07-23,0.0
2017-07-24,73.0
2017-07-25,70.0
2017-07-26,75.0
2017-07-27,73.0
2017-07-28,69.0
2017-07-29,0.0
2017-07-30,0.0
2017-07-31,66.0
2017-08-01,66.0
2017-08-02,61.0
2017-08-03,59.0
2017-08-04,64.0
2017-08-05,0.0
2017-08-06,0.0
2017-08-07,58.0
2017-08-08,52.0
2017-08-09,41.0
2017-08-10,31.0
2017-08-11,25.0
2017-08-12,0.0
2017-08-13,0.0
2017-08-14,36.0
2017-08-15,27.0
2017-08-16,32.0
2017-08-17,17.0
2017-08-18,17.0
2017-08-19,0.0
2017-08-20,0.0
2017-08-21,15.0
2017-08-22,23.0
2017-08-23,19.0
2017-08-24,22.0
2017-08-25,29.0
2017-08-26,0.0
2017-08-27,0.0
2017-08-28,35.0
2017-08-29,29.0
2017-08-30,34.0
2017-08-31,43.0
2017-09-01,49.0
2017-09-02,0.0
2017-09-03,0.0
2017-09-04,0.0
2017-09-05,62.0
2017-09-06,41.0
2017-09-07,38.0
2017-09-08,38.0
2017-09-09,0.0
2017-09-10,0.0
2017-09-11,59.0
2017-09-12,59.0
2017-09-13,67.0
2017-09-14,68.0
2017-09-15,77.0
2017-09-16,0.0
2017-09-17,0.0
2017-09-18,80.0
2017-09-19,81.0
2017-09-20,79.0
2017-09-21,73.0
2017-09-22,70.0
2017-09-23,0.0
2017-09-24,0.0
2017-09-25,72.0
2017-09-26,67.0
2017-09-27,73.0
2017-09-28,79.0
2017-09-29,84.0
2017-09-30,0.0
2017-10-01,0.0
2017-10-02,91.0
2017-10-03,92.0
2017-10-04,91.0
2017-10-05,94.0
2017-10-06,92.0
2017-10-07,0.0
2017-10-08,0.0
2017-10-09,84.0
2017-10-10,85.0
2017-10-11,83.0
2017-10-12,79.0
2017-10-13,74.0
2017-10-14,0.0
2017-10-15,0.0
2017-10-16,78.0
2017-10-17,78.0
2017-10-18,82.0
2017-10-19,83.0
2017-10-20,89.0
2017-10-21,0.0
2017-10-22,0.0
2017-10-23,80.0
2017-10-24,75.0
2017-10-25,75.0
2017-10-26,71.0
2017-10-27,74.0
2017-10-28,0.0
2017-10-29,0.0
2017-10-30,65.0
2017-10-31,69.0
2017-11-01,69.0
2017-11-02,66.0
2017-11-03,66.0
2017-11-04,0.0
2017-11-05,0.0
2017-11-06,58.0
2017-11-07,61.0
2017-11-08,54.0
2017-11-09,54.0
2017-11-10,59.0
2017-11-11,0.0
2017-11-12,0.0
2017-11-13,49.0
2017-11-14,49.0
2017-11-15,36.0
2017-11-16,50.0
2017-11-17,44.0
2017-11-18,0.0
2017-11-19,0.0
2017-11-20,51.0
2017-11-21,54.0
2017-11-22,54.0
2017-11-23,0.0
2017-11-24,59.0
2017-11-25,0.0
2017-11-26,0.0
2017-11-27,51.0
2017-11-28,60.0
2017-11-29,67.0
2017-11-30,73.0
2017-12-01,70.0
2017-12-02,0.0
2017-12-03,0.0
2017-12-04,64.0
2017-12-05,60.0
2017-12-06,62.0
2017-12-07,60.0
2017-12-08,62.0
2017-12-09,0.0
2017-12-10,0.0
2017-12-11,62.0
2017-12-12,67.0
2017-12-13,67.0
2017-12-14,69.0
2017-12-15,68.0
2017-12-16,0.0
2017-12-17,0.0
2017-12-18,74.0
2017-12-19,72.0
2017-12-20,72.0
2017-12-21,68.0
2017-12-22,66.0
2017-12-23,0.0
2017-12-24,0.0
2017-12-25,0.0
2017-12-26,64.0
2017-12-27,61.0
2017-12-28,58.0
2017-12-29,53.0
2017-12-30,0.0
2017-12-31,0.0
2018-01-01,0.0
2018-01-02,67.0
2018-01-03,67.0
2018-01-04,72.0
2018-01-05,75.0
2018-01-06,0.0
2018-01-07,0.0
2018-01-08,75.0
2018-01-09,75.0
2018-01-10,75.0
2018-01-11,77.0
2018-01-12,79.0
2018-01-13,0.0
2018-01-14,0.0
2018-01-15,0.0
2018-01-16,75.0
2018-01-17,75.0
2018-01-18,72.0
2018-01-19,80.0
2018-01-20,0.0
2018-01-21,0.0
2018-01-22,78.0
2018-01-23,78.0
2018-01-24,78.0
2018-01-25,77.0
2018-01-26,79.0
2018-01-27,0.0
2018-01-28,0.0
2018-01-29,62.0
2018-01-30,61.0
2018-01-31,61.0
2018-02-01,58.0
2018-02-02,17.0
2018-02-03,0.0
2018-02-04,0.0
2018-02-05,18.0
2018-02-06,18.0
2018-02-07,16.0
2018-02-08,10.0
2018-02-09,10.0
2018-02-10,0.0
2018-02-11,0.0
2018-02-12,13.0
2018-02-13,10.0
2018-02-14,15.0
2018-02-15,18.0
2018-02-16,18.0
2018-02-17,0.0
2018-02-18,0.0
2018-02-19,0.0
2018-02-20,17.0
2018-02-21,15.0
2018-02-22,18.0
2018-02-23,18.0
2018-02-24,0.0
2018-02-25,0.0
2018-02-26,20.0
2018-02-27,17.0
2018-02-28,15.0
2018-03-01,8.0
2018-03-02,10.0
2018-03-03,0.0
2018-03-04,0.0
2018-03-05,14.0
2018-03-06,26.0
2018-03-07,23.0
2018-03-08,25.0
2018-03-09,44.0
2018-03-10,0.0
2018-03-11,0.0
2018-03-12,40.0
2018-03-13,36.0
2018-03-14,29.0
2018-03-15,21.0
2018-03-16,19.0
2018-03-17,0.0
2018-03-18,0.0
2018-03-19,14.0
2018-03-20,16.0
2018-03-21,16.0
2018-03-22,11.0
2018-03-23,7.0
2018-03-24,0.0
2018-03-25,0.0
2018-03-26,8.0
2018-03-27,6.0
2018-03-28,7.0
2018-03-29,8.0
2018-03-30,0.0
2018-03-31,0.0
2018-04-01,0.0
2018-04-02,7.0
2018-04-03,9.0
2018-04-04,11.0
2018-04-05,13.0
2018-04-06,9.0
2018-04-07,0.0
2018-04-08,0.0
2018-04-09,12.0
2018-04-10,14.0
2018-04-11,18.0
2018-04-12,22.0
2018-04-13,23.0
2018-04-14,0.0
2018-04-15,0.0
2018-04-16,25.0
2018-04-17,28.0
2018-04-18,32.0
2018-04-19,32.0
2018-04-20,38.0
2018-04-21,0.0
2018-04-22,0.0
2018-04-23,40.0
2018-04-24,32.0
2018-04-25,38.0
2018-04-26,42.0
2018-04-27,40.0
2018-04-28,0.0
2018-04-29,0.0
2018-04-30,42.0
2018-05-01,38.0
2018-05-02,39.0
2018-05-03,32.0
2018-05-04,40.0
2018-05-05,0.0
2018-05-06,0.0
2018-05-07,41.0
2018-05-08,49.0
2018-05-09,49.0
2018-05-10,53.0
2018-05-11,54.0
2018-05-12,0.0
2018-05-13,0.0
2018-05-14,54.0
2018-05-15,55.0
2018-05-16,53.0
2018-05-17,53.0
2018-05-18,52.0
2018-05-19,0.0
2018-05-20,0.0
2018-05-21,56.0
2018-05-22,59.0
2018-05-23,54.0
2018-05-24,48.0
2018-05-25,44.0
2018-05-26,0.0
2018-05-27,0.0
2018-05-28,0.0
2018-05-29,34.0
2018-05-30,42.0
2018-05-31,43.0
2018-06-01,52.0
2018-06-02,0.0
2018-06-03,0.0
2018-06-04,55.0
2018-06-05,58.0
2018-06-06,65.0
2018-06-07,62.0
2018-06-08,63.0
2018-06-09,0.0
2018-06-10,0.0
2018-06-11,64.0
2018-06-12,65.0
2018-06-13,64.0
2018-06-14,63.0
2018-06-15,61.0
2018-06-16,0.0
2018-06-17,0.0
2018-06-18,61.0
2018-06-19,53.0
2018-06-20,57.0
2018-06-21,52.0
2018-06-22,52.0
2018-06-23,0.0
2018-06-24,0.0
2018-06-25,42.0
2018-06-26,47.0
2018-06-27,36.0
2018-06-28,39.0
2018-06-29,34.0
2018-06-30,0.0
2018-07-01,0.0
2018-07-02,35.0
2018-07-03,32.0
2018-07-04,0.0
2018-07-05,33.0
2018-07-06,40.0
2018-07-07,0.0
2018-07-08,0.0
2018-07-09,47.0
2018-07-10,45.0
2018-07-11,41.0
2018-07-12,49.0
2018-07-13,47.0
2018-07-14,0.0
2018-07-15,0.0
2018-07-16,45.0
2018-07-17,49.0
2018-07-18,56.0
2018-07-19,50.0
2018-07-20,53.0
2018-07-21,0.0
2018-07-22,0.0
2018-07-23,58.0
2018-07-24,64.0
2018-07-25,70.0
2018-07-26,72.0
2018-07-27,67.0
2018-07-28,0.0
2018-07-29,0.0
2018-07-30,64.0
2018-07-31,66.0
2018-08-01,66.0
2018-08-02,68.0
2018-08-03,71.0
2018-08-04,0.0
2018-08-05,0.0
2018-08-06,72.0
2018-08-07,73.0
2018-08-08,74.0
2018-08-09,70.0
2018-08-10,56.0
2018-08-11,0.0
2018-08-12,0.0
2018-08-13,56.0
2018-08-14,58.0
2018-08-15,46.0
2018-08-16,51.0
2018-08-17,54.0
2018-08-18,0.0
2018-08-19,0.0
2018-08-20,61.0
2018-08-21,61.0
2018-08-22,61.0
2018-08-23,59.0
2018-08-24,68.0
2018-08-25,0.0
2018-08-26,0.0
2018-08-27,77.0
2018-08-28,78.0
2018-08-29,78.0
2018-08-30,73.0
2018-08-31,71.0
2018-09-01,0.0
2018-09-02,0.0
2018-09-03,0.0
2018-09-04,67.0
2018-09-05,62.0
2018-09-06,53.0
2018-09-07,52.0
2018-09-08,0.0
2018-09-09,0.0
2018-09-10,56.0
2018-09-11,59.0
2018-09-12,59.0
2018-09-13,72.0
2018-09-14,73.0
2018-09-15,0.0
2018-09-16,0.0
2018-09-17,67.0
2018-09-18,73.0
2018-09-19,71.0
2018-09-20,74.0
2018-09-21,75.0
2018-09-22,0.0
2018-09-23,0.0
2018-09-24,70.0
2018-09-25,64.0
2018-09-26,53.0
2018-09-27,48.0
2018-09-28,47.0
2018-09-29,0.0
2018-09-30,0.0
2018-10-01,49.0
2018-10-02,45.0
2018-10-03,51.0
2018-10-04,43.0
2018-10-05,33.0
2018-10-06,0.0
2018-10-07,0.0
2018-10-08,28.0
2018-10-09,23.0
2018-10-10,8.0
2018-10-11,5.0
2018-10-12,11.0
2018-10-13,0.0
2018-10-14,0.0
2018-10-15,11.0
2018-10-16,13.0
2018-10-17,14.0
2018-10-18,12.0
2018-10-19,14.0
2018-10-20,0.0
2018-10-21,0.0
2018-10-22,16.0
2018-10-23,12.0
2018-10-24,6.0
2018-10-25,9.0
2018-10-26,7.0
2018-10-27,0.0
2018-10-28,0.0
2018-10-29,7.0
2018-10-30,7.0
2018-10-31,7.0
2018-11-01,6.0
2018-11-02,8.0
2018-11-03,0.0
2018-11-04,0.0
2018-11-05,9.0
2018-11-06,12.0
2018-11-07,25.0
2018-11-08,29.0
2018-11-09,18.0
2018-11-10,0.0
2018-11-11,0.0
2018-11-12,11.0
2018-11-13,10.0
2018-11-14,7.0
2018-11-15,10.0
2018-11-16,10.0
2018-11-17,0.0
2018-11-18,0.0
2018-11-19,8.0
2018-11-20,7.0
2018-11-21,13.0
2018-11-22,0.0
2018-11-23,9.0
2018-11-24,0.0
2018-11-25,0.0
2018-11-26,17.0
2018-11-27,19.0
2018-11-28,21.0
2018-11-29,23.0
2018-11-30,22.0
2018-12-01,0.0
2018-12-02,0.0
2018-12-03,20.0
2018-12-04,20.0
2018-12-05,0.0
2018-12-06,15.0
2018-12-07,11.0
2018-12-08,0.0
2018-12-09,0.0
2018-12-10,9.0
2018-12-11,8.0
2018-12-12,10.0
2018-12-13,11.0
2018-12-14,8.0
2018-12-15,0.0
2018-12-16,0.0
2018-12-17,10.0
2018-12-18,8.0
2018-12-19,8.0
2018-12-20,5.0
2018-12-21,3.0
2018-12-22,0.0
2018-12-23,0.0
2018-12-24,2.0
2018-12-25,0.0
2018-12-26,4.0
2018-12-27,8.0
2018-12-28,12.0
2018-12-29,0.0
2018-12-30,0.0
2018-12-31,12.0
2019-01-01,0.0
2019-01-02,12.0
2019-01-03,10.0
2019-01-04,16.0
2019-01-05,0.0
2019-01-06,0.0
2019-01-07,19.0
2019-01-08,22.0
2019-01-09,27.0
2019-01-10,31.0
2019-01-11,30.0
2019-01-12,0.0
2019-01-13,0.0
2019-01-14,28.0
2019-01-15,31.0
2019-01-16,36.0
2019-01-17,44.0
2019-01-18,51.0
2019-01-19,0.0
2019-01-20,0.0
2019-01-21,0.0
2019-01-22,51.0
2019-01-23,55.0
2019-01-24,58.0
2019-01-25,58.0
2019-01-26,0.0
2019-01-27,0.0
2019-01-28,55.0
2019-01-29,55.0
2019-01-30,58.0
2019-01-31,58.0
2019-02-01,61.0
2019-02-02,0.0
2019-02-03,0.0
2019-02-04,62.0
2019-02-05,64.0
2019-02-06,63.0
2019-02-07,63.0
2019-02-08,63.0
2019-02-09,0.0
2019-02-10,0.0
2019-02-11,62.0
2019-02-12,67.0
2019-02-13,65.0
2019-02-14,67.0
2019-02-15,67.0
2019-02-16,0.0
2019-02-17,0.0
2019-02-18,0.0
2019-02-19,69.0
2019-02-20,70.0
2019-02-21,70.0
2019-02-22,69.0
2019-02-23,0.0
2019-02-24,0.0
2019-02-25,70.0
2019-02-26,70.0
2019-02-27,72.0
2019-02-28,72.0
2019-03-01,71.0
2019-03-02,0.0
2019-03-03,0.0
2019-03-04,65.0
2019-03-05,63.0
2019-03-06,61.0
2019-03-07,58.0
2019-03-08,55.0
2019-03-09,0.0
2019-03-10,0.0
2019-03-11,59.0
2019-03-12,59.0
2019-03-13,60.0
2019-03-14,60.0
2019-03-15,65.0
2019-03-16,0.0
2019-03-17,0.0
2019-03-18,67.0
2019-03-19,67.0
2019-03-20,64.0
2019-03-21,64.0
2019-03-22,59.0
2019-03-23,0.0
2019-03-24,0.0
2019-03-25,55.0
2019-03-26,51.0
2019-03-27,52.0
2019-03-28,48.0
2019-03-29,49.0
2019-03-30,0.0
2019-03-31,0.0
2019-04-01,56.0
2019-04-02,56.0
2019-04-03,64.0
2019-04-04,70.0
2019-04-05,74.0
2019-04-06,0.0
2019-04-07,0.0
2019-04-08,72.0
2019-04-09,70.0
2019-04-10,72.0
2019-04-11,68.0
2019-04-12,72.0
2019-04-13,0.0
2019-04-14,0.0
2019-04-15,70.0
2019-04-16,69.0
2019-04-17,71.0
2019-04-18,70.0
2019-04-19,0.0
2019-04-20,0.0
2019-04-21,0.0
2019-04-22,71.0
2019-04-23,73.0
2019-04-24,70.0
2019-04-25,71.0
2019-04-26,72.0
2019-04-27,0.0
2019-04-28,0.0
2019-04-29,69.0
2019-04-30,65.0
2019-05-01,65.0
2019-05-02,59.0
2019-05-03,58.0
2019-05-04,0.0
2019-05-05,0.0
2019-05-06,40.0
2019-05-07,42.0
2019-05-08,42.0
2019-05-09,40.0
2019-05-10,41.0
2019-05-11,0.0
2019-05-12,0.0
2019-05-13,35.0
2019-05-14,35.0
2019-05-15,35.0
2019-05-16,37.0
2019-05-17,36.0
2019-05-18,0.0
2019-05-19,0.0
2019-05-20,33.0
2019-05-21,34.0
2019-05-22,32.0
2019-05-23,28.0
2019-05-24,27.0
2019-05-25,0.0
2019-05-26,0.0
2019-05-27,0.0
2019-05-28,23.0
2019-05-29,25.0
2019-05-30,24.0
2019-05-31,24.0
2019-06-01,0.0
2019-06-02,0.0
2019-06-03,25.0
2019-06-04,28.0
2019-06-05,29.0
2019-06-06,29.0
2019-06-07,32.0
2019-06-08,0.0
2019-06-09,0.0
2019-06-10,37.0
2019-06-11,36.0
2019-06-12,34.0
2019-06-13,39.0
2019-06-14,38.0
2019-06-15,0.0
2019-06-16,0.0
2019-06-17,40.0
2019-06-18,44.0
2019-06-19,42.0
2019-06-20,45.0
2019-06-21,52.0
2019-06-22,0.0
2019-06-23,0.0
2019-06-24,50.0
2019-06-25,44.0
2019-06-26,48.0
2019-06-27,47.0
2019-06-28,50.0
2019-06-29,0.0
2019-06-30,0.0
2019-07-01,55.0
2019-07-02,62.0
2019-07-03,62.0
2019-07-04,0.0
2019-07-05,61.0
2019-07-06,0.0
2019-07-07,0.0
2019-07-08,59.0
2019-07-09,56.0
2019-07-10,58.0
2019-07-11,62.0
2019-07-12,64.0
2019-07-13,0.0
2019-07-14,0.0
2019-07-15,57.0
2019-07-16,55.0
2019-07-17,47.0
2019-07-18,47.0
2019-07-19,44.0
2019-07-20,0.0
2019-07-21,0.0
2019-07-22,44.0
2019-07-23,50.0
2019-07-24,57.0
2019-07-25,55.0
2019-07-26,60.0
2019-07-27,0.0
2019-07-28,0.0
2019-07-29,58.0
2019-07-30,53.0
2019-07-31,48.0
2019-08-01,43.0
2019-08-02,36.0
2019-08-03,0.0
2019-08-04,0.0
2019-08-05,22.0
2019-08-06,27.0
2019-08-07,25.0
2019-08-08,25.0
2019-08-09,25.0
2019-08-10,0.0
2019-08-11,0.0
2019-08-12,23.0
2019-08-13,27.0
2019-08-14,21.0
2019-08-15,19.0
2019-08-16,20.0
2019-08-17,0.0
2019-08-18,0.0
2019-08-19,26.0
2019-08-20,23.0
2019-08-21,25.0
2019-08-22,25.0
2019-08-23,18.0
2019-08-24,0.0
2019-08-25,0.0
2019-08-26,19.0
2019-08-27,16.0
2019-08-28,18.0
2019-08-29,26.0
2019-08-30,23.0
2019-08-31,0.0
2019-09-01,0.0
2019-09-02,0.0
2019-09-03,25.0
2019-09-04,28.0
2019-09-05,39.0
2019-09-06,35.0
2019-09-07,0.0
2019-09-08,0.0
2019-09-09,45.0
2019-09-10,55.0
2019-09-11,57.0
2019-09-12,65.0
2019-09-13,68.0
2019-09-14,0.0
2019-09-15,0.0
2019-09-16,67.0
2019-09-17,66.0
2019-09-18,66.0
2019-09-19,63.0
2019-09-20,58.0
2019-09-21,0.0
2019-09-22,0.0
2019-09-23,59.0
2019-09-24,54.0
2019-09-25,59.0
2019-09-26,57.0
2019-09-27,52.0
2019-09-28,0.0
2019-09-29,0.0
2019-09-30,54.0
2019-10-01,48.0
2019-10-02,34.0
2019-10-03,29.0
2019-10-04,32.0
2019-10-05,0.0
2019-10-06,0.0
2019-10-07,30.0
2019-10-08,29.0
2019-10-09,30.0
2019-10-10,36.0
2019-10-11,42.0
2019-10-12,0.0
2019-10-13,0.0
2019-10-14,42.0
2019-10-15,42.0
2019-10-16,47.0
2019-10-17,50.0
2019-10-18,50.0
2019-10-19,0.0
2019-10-20,0.0
2019-10-21,56.0
2019-10-22,59.0
2019-10-23,55.0
2019-10-24,57.0
2019-10-25,62.0
2019-10-26,0.0
2019-10-27,0.0
2019-10-28,67.0
2019-10-29,71.0
2019-10-30,75.0
2019-10-31,72.0
2019-11-01,80.0
2019-11-02,0.0
2019-11-03,0.0
2019-11-04,86.0
2019-11-05,89.0
2019-11-06,88.0
2019-11-07,91.0
2019-11-08,91.0
2019-11-09,0.0
2019-11-10,0.0
2019-11-11,89.0
2019-11-12,88.0
2019-11-13,87.0
2019-11-14,83.0
2019-11-15,87.0
2019-11-16,0.0
2019-11-17,0.0
2019-11-18,83.0
2019-11-19,80.0
2019-11-20,74.0
2019-11-21,70.0
2019-11-22,69.0
2019-11-23,0.0
2019-11-24,0.0
2019-11-25,70.0
2019-11-26,69.0
2019-11-27,78.0
2019-11-28,0.0
2019-11-29,79.0
2019-11-30,0.0
2019-12-01,0.0
2019-12-02,74.0
2019-12-03,63.0
2019-12-04,67.0
2019-12-05,67.0
2019-12-06,70.0
2019-12-07,0.0
2019-12-08,0.0
2019-12-09,68.0
2019-12-10,65.0
2019-12-11,61.0
2019-12-12,74.0
2019-12-13,75.0
2019-12-14,0.0
2019-12-15,0.0
2019-12-16,82.0
2019-12-17,85.0
2019-12-18,87.0
2019-12-19,90.0
2019-12-20,91.0
2019-12-21,0.0
2019-12-22,0.0
2019-12-23,92.0
2019-12-24,91.0
2019-12-25,0.0
2019-12-26,93.0
2019-12-27,91.0
2019-12-28,0.0
2019-12-29,0.0
2019-12-30,90.0
2019-12-31,93.0
2020-01-01,0.0
2020-01-02,97.0
2020-01-03,93.0
2020-01-04,0.0
2020-01-05,0.0
2020-01-06,93.0
2020-01-07,89.0
2020-01-08,92.0
2020-01-09,93.0
2020-01-10,91.0
2020-01-11,0.0
2020-01-12,0.0
2020-01-13,90.0
2020-01-14,91.0
2020-01-15,87.0
2020-01-16,89.0
2020-01-17,89.0
2020-01-18,0.0
2020-01-19,0.0
2020-01-20,0.0
2020-01-21,82.0
2020-01-22,74.0
2020-01-23,68.0
2020-01-24,62.0
2020-01-25,0.0
2020-01-26,0.0
2020-01-27,48.0
2020-01-28,52.0
2020-01-29,53.0
2020-01-30,56.0
2020-01-31,44.0
2020-02-01,0.0
2020-02-02,0.0
2020-02-03,46.0
2020-02-04,55.0
2020-02-05,60.0
2020-02-06,64.0
2020-02-07,57.0
2020-02-08,0.0
2020-02-09,0.0
2020-02-10,55.0
2020-02-11,56.0
2020-02-12,59.0
2020-02-13,58.0
2020-02-14,55.0
2020-02-15,0.0
2020-02-16,0.0
2020-02-17,0.0
2020-02-18,51.0
2020-02-19,53.0
2020-02-20,50.0
2020-02-21,44.0
2020-02-22,0.0
2020-02-23,0.0
2020-02-24,29.0
2020-02-25,22.0
2020-02-26,21.0
2020-02-27,13.0
2020-02-28,10.0
2020-02-29,0.0
2020-03-01,0.0
2020-03-02,14.0
2020-03-03,10.0
2020-03-04,15.0
2020-03-05,9.0
2020-03-06,7.0
2020-03-07,0.0
2020-03-08,0.0
2020-03-09,3.0
2020-03-10,6.0
2020-03-11,4.0
2020-03-12,2.0
2020-03-13,5.0
2020-03-14,0.0
2020-03-15,0.0
2020-03-16,3.0
2020-03-17,4.0
2020-03-18,5.0
2020-03-19,7.0
2020-03-20,8.0
2020-03-21,0.0
2020-03-22,0.0
2020-03-23,5.0
2020-03-24,13.0
2020-03-25,17.0
2020-03-26,22.0
2020-03-27,23.0
2020-03-28,0.0
2020-03-29,0.0
2020-03-30,25.0
2020-03-31,25.0
2020-04-01,22.0
2020-04-02,21.0
2020-04-03,22.0
2020-04-04,0.0
2020-04-05,0.0
2020-04-06,27.0
2020-04-07,25.0
2020-04-08,31.0
2020-04-09,43.0
2020-04-10,0.0
2020-04-11,0.0
2020-04-12,0.0
2020-04-13,37.0
2020-04-14,45.0
2020-04-15,41.0
2020-04-16,42.0
2020-04-17,44.0
2020-04-18,0.0
2020-04-19,0.0
2020-04-20,41.0
2020-04-21,40.0
2020-04-22,40.0
2020-04-23,40.0
2020-04-24,39.0
2020-04-25,0.0
2020-04-26,0.0
2020-04-27,42.0
2020-04-28,41.0
2020-04-29,47.0
2020-04-30,47.0
2020-05-01,42.0
2020-05-02,0.0
2020-05-03,0.0
2020-05-04,44.0
2020-05-05,44.0
2020-05-06,40.0
2020-05-07,40.0
2020-05-08,45.0
2020-05-09,0.0
2020-05-10,0.0
2020-05-11,44.0
2020-05-12,39.0
2020-05-13,39.0
2020-05-14,38.0
2020-05-15,39.0
2020-05-16,0.0
2020-05-17,0.0
2020-05-18,47.0
2020-05-19,48.0
2020-05-20,52.0
2020-05-21,52.0
2020-05-22,50.0
2020-05-23,0.0
2020-05-24,0.0
2020-05-25,0.0
2020-05-26,50.0
2020-05-27,53.0
2020-05-28,50.0
2020-05-29,52.0
2020-05-30,0.0
2020-05-31,0.0
2020-06-01,58.0
2020-06-02,58.0
2020-06-03,60.0
2020-06-04,62.0
2020-06-05,66.0
2020-06-06,0.0
2020-06-07,0.0
2020-06-08,67.0
2020-06-09,67.0
2020-06-10,67.0
2020-06-11,56.0
2020-06-12,54.0
2020-06-13,0.0
2020-06-14,0.0
2020-06-15,53.0
2020-06-16,52.0
2020-06-17,52.0
2020-06-18,51.0
2020-06-19,52.0
2020-06-20,0.0
2020-06-21,0.0
2020-06-22,52.0
2020-06-23,52.0
2020-06-24,48.0
2020-06-25,49.0
2020-06-26,45.0
2020-06-27,0.0
2020-06-28,0.0
2020-06-29,48.0
2020-06-30,47.0
2020-07-01,48.0
2020-07-02,50.0
2020-07-03,0.0
2020-07-04,0.0
2020-07-05,0.0
2020-07-06,51.0
2020-07-07,49.0
2020-07-08,52.0
2020-07-09,53.0
2020-07-10,59.0
2020-07-11,0.0
2020-07-12,0.0
2020-07-13,53.0
2020-07-14,61.0
2020-07-15,62.0
2020-07-16,62.0
2020-07-17,63.0
2020-07-18,0.0
2020-07-19,0.0
2020-07-20,65.0
2020-07-21,65.0
2020-07-22,65.0
2020-07-23,68.0
2020-07-24,63.0
2020-07-25,0.0
2020-07-26,0.0
2020-07-27,65.0
2020-07-28,63.0
2020-07-29,64.0
2020-07-30,62.0
2020-07-31,65.0
2020-08-01,0.0
2020-08-02,0.0
2020-08-03,67.0
2020-08-04,67.0
2020-08-05,70.0
2020-08-06,73.0
2020-08-07,72.0
2020-08-08,0.0
2020-08-09,0.0
2020-08-10,75.0
2020-08-11,71.0
2020-08-12,73.0
2020-08-13,72.0
2020-08-14,72.0
2020-08-15,0.0
2020-08-16,0.0
2020-08-17,71.0
2020-08-18,70.0
2020-08-19,68.0
2020-08-20,70.0
2020-08-21,70.0
2020-08-22,0.0
2020-08-23,0.0
2020-08-24,71.0
2020-08-25,73.0
2020-08-26,74.0
2020-08-27,76.0
2020-08-28,77.0
2020-08-29,0.0
2020-08-30,0.0
2020-08-31,74.0
2020-09-01,77.0
2020-09-02,78.0
2020-09-03,60.0
2020-09-04,59.0
2020-09-05,0.0
2020-09-06,0.0
2020-09-07,0.0
2020-09-08,55.0
2020-09-09,65.0
2020-09-10,59.0
2020-09-11,58.0
2020-09-12,0.0
2020-09-13,0.0
2020-09-14,59.0
2020-09-15,59.0
2020-09-16,56.0
2020-09-17,53.0
2020-09-18,52.0
2020-09-19,0.0
2020-09-20,50.0
2020-09-21,50.0
2020-09-22,50.0
2020-09-23,50.0
2020-09-24,50.0
2020-09-25,0.0
2020-09-26,0.0
2020-09-27,50.0
2020-09-28,50.0
2020-09-29,50.0
2020-09-30,50.0
2020-10-01,50.0
2020-10-02,0.0
2020-10-03,0.0
2020-10-04,50.0
2020-10-05,50.0
2020-10-06,50.0
2020-10-07,50.0
2020-10-08,50.0
2020-10-09,0.0
2020-10-10,0.0
2020-10-11,50.0
2020-10-12,50.0
2020-10-13,50.0
2020-10-14,50.0
2020-10-15,50.0
2020-10-16,0.0
2020-10-17,0.0
2020-10-18,50.0
2020-10-19,50.0
2020-10-20,50.0
2020-10-21,50.0
2020-10-22,50.0
2020-10-23,0.0
2020-10-24,0.0
2020-10-25,12.0
2020-10-26,10.0
2020-10-27,1.0
2020-10-28,5.0
2020-10-29,8.0
2020-10-30,0.0
2020-10-31,0.0
2020-11-01,12.0
2020-11-02,16.0
2020-11-03,50.0
2020-11-04,50.0
2020-11-05,50.0
2020-11-06,0.0
2020-11-07,0.0
2020-11-08,50.0
2020-11-09,50.0
2020-11-10,50.0
2020-11-11,50.0
2020-11-12,50.0
2020-11-13,0.0
2020-11-14,0.0
2020-11-15,50.0
2020-11-16,50.0
2020-11-17,50.0
2020-11-18,50.0
2020-11-19,50.0
2020-11-20,0.0
2020-11-21,0.0
2020-11-22,50.0
2020-11-23,50.0
2020-11-24,50.0
2020-11-25,0.0
2020-11-26,50.0
2020-11-27,0.0
2020-11-28,0.0
2020-11-29,50.0
2020-11-30,50.0
2020-12-01,50.0
2020-12-02,50.0
2020-12-03,50.0
2020-12-04,0.0
2020-12-05,0.0
2020-12-06,50.0
2020-12-07,50.0
2020-12-08,50.0
2020-12-09,50.0
2020-12-10,50.0
2020-12-11,0.0
2020-12-12,0.0
2020-12-13,50.0
2020-12-14,50.0
2020-12-15,50.0
2020-12-16,50.0
2020-12-17,50.0
2020-12-18,0.0
2020-12-19,0.0
2020-12-20,50.0
2020-12-21,50.0
2020-12-22,50.0
2020-12-23,50.0
2020-12-24,0.0
2020-12-25,0.0
2020-12-26,0.0
2020-12-27,50.0
2020-12-28,50.0
2020-12-29,50.0
2020-12-30,50.0
2020-12-31,0.0
2021-01-01,0.0
2021-01-02,0.0
2021-01-03,50.0
2021-01-04,50.0
2021-01-05,50.0
2021-01-06,50.0
2021-01-07,50.0
2021-01-08,0.0
2021-01-09,0.0
2021-01-10,50.0
2021-01-11,50.0
2021-01-12,50.0
2021-01-13,50.0
2021-01-14,50.0
2021-01-15,0.0
2021-01-16,0.0
2021-01-17,0.0
2021-01-18,50.0
2021-01-19,50.0
2021-01-20,50.0
2021-01-21,67.0
2021-01-22,0.0
2021-01-23,0.0
2021-01-24,67.0
2021-01-25,64.0
2021-01-26,37.0
2021-01-27,55.0
2021-01-28,44.0
2021-01-29,0.0
2021-01-30,0.0
2021-01-31,47.0
2021-02-01,57.0
2021-02-02,56.0
2021-02-03,58.0
2021-02-04,65.0
2021-02-05,0.0
2021-02-06,0.0
2021-02-07,69.0
2021-02-08,73.0
2021-02-09,74.0
2021-02-10,75.0
2021-02-11,78.0
2021-02-12,0.0
2021-02-13,0.0
2021-02-14,0.0
2021-02-15,76.0
2021-02-16,73.0
2021-02-17,66.0
2021-02-18,62.0
2021-02-19,0.0
2021-02-20,0.0
2021-02-21,55.0
2021-02-22,53.0
2021-02-23,59.0
2021-02-24,55.0
2021-02-25,48.0
2021-02-26,0.0
2021-02-27,0.0
2021-02-28,59.0
2021-03-01,56.0
2021-03-02,45.0
2021-03-03,40.0
2021-03-04,43.0
2021-03-05,0.0
2021-03-06,0.0
2021-03-07,41.0
2021-03-08,43.0
2021-03-09,45.0
2021-03-10,50.0
2021-03-11,56.0
2021-03-12,0.0
2021-03-13,0.0
2021-03-14,58.0
2021-03-15,55.0
2021-03-16,56.0
2021-03-17,52.0
2021-03-18,49.0
2021-03-19,0.0
2021-03-20,0.0
2021-03-21,50.0
2021-03-22,44.0
2021-03-23,36.0
2021-03-24,34.0
2021-03-25,45.0
2021-03-26,0.0
2021-03-27,0.0
2021-03-28,36.0
2021-03-29,37.0
2021-03-30,43.0
2021-03-31,48.0
2021-04-01,0.0
2021-04-02,0.0
2021-04-03,0.0
2021-04-04,54.0
2021-04-05,54.0
2021-04-06,53.0
2021-04-07,52.0
2021-04-08,51.0
2021-04-09,0.0
2021-04-10,0.0
2021-04-11,44.0
2021-04-12,43.0
2021-04-13,41.0
2021-04-14,43.0
2021-04-15,50.0
2021-04-16,0.0
2021-04-17,0.0
2021-04-18,47.0
2021-04-19,36.0
2021-04-20,48.0
2021-04-21,47.0
2021-04-22,53.0
2021-04-23,0.0
2021-04-24,0.0
2021-04-25,51.0
2021-04-26,52.0
2021-04-27,54.0
2021-04-28,58.0
2021-04-29,49.0
2021-04-30,0.0
2021-05-01,0.0
2021-05-02,46.0
2021-05-03,43.0
2021-05-04,43.0
2021-05-05,44.0
2021-05-06,48.0
2021-05-07,0.0
2021-05-08,0.0
2021-05-09,45.0
2021-05-10,41.0
2021-05-11,29.0
2021-05-12,34.0
2021-05-13,35.0
2021-05-14,0.0
2021-05-15,0.0
2021-05-16,35.0
2021-05-17,34.0
2021-05-18,31.0
2021-05-19,33.0
2021-05-20,29.0
2021-05-21,0.0
2021-05-22,0.0
2021-05-23,29.0
2021-05-24,26.0
2021-05-25,28.0
2021-05-26,29.0
2021-05-27,31.0
2021-05-28,0.0
2021-05-29,0.0
2021-05-30,0.0
2021-05-31,35.0
2021-06-01,42.0
2021-06-02,41.0
2021-06-03,42.0
2021-06-04,0.0
2021-06-05,0.0
2021-06-06,43.0
2021-06-07,45.0
2021-06-08,46.0
2021-06-09,49.0
2021-06-10,52.0
2021-06-11,0.0
2021-06-12,0.0
2021-06-13,54.0
2021-06-14,51.0
2021-06-15,44.0
2021-06-16,42.0
2021-06-17,31.0
2021-06-18,0.0
2021-06-19,0.0
2021-06-20,33.0
2021-06-21,32.0
2021-06-22,33.0
2021-06-23,37.0
2021-06-24,41.0
2021-06-25,0.0
2021-06-26,0.0
2021-06-27,41.0
2021-06-28,40.0
2021-06-29,37.0
2021-06-30,39.0
2021-07-01,38.0
2021-07-02,0.0
2021-07-03,0.0
2021-07-04,0.0
2021-07-05,33.0
2021-07-06,32.0
2021-07-07,26.0
2021-07-08,31.0
2021-07-09,0.0
2021-07-10,0.0
2021-07-11,33.0
2021-07-12,30.0
2021-07-13,29.0
2021-07-14,26.0
2021-07-15,22.0
2021-07-16,0.0
2021-07-17,0.0
2021-07-18,13.0
2021-07-19,20.0
2021-07-20,24.0
2021-07-21,25.0
2021-07-22,29.0
2021-07-23,0.0
2021-07-24,0.0
2021-07-25,30.0
2021-07-26,27.0
2021-07-27,27.0
2021-07-28,30.0
2021-07-29,26.0
2021-07-30,0.0
2021-07-31,0.0
2021-08-01,24.0
2021-08-02,29.0
2021-08-03,27.0
2021-08-04,32.0
2021-08-05,32.0
2021-08-06,0.0
2021-08-07,0.0
2021-08-08,32.0
2021-08-09,34.0
2021-08-10,35.0
2021-08-11,38.0
2021-08-12,41.0
2021-08-13,0.0
2021-08-14,0.0
2021-08-15,46.0
2021-08-16,36.0
2021-08-17,20.0
2021-08-18,19.0
2021-08-19,24.0
2021-08-20,0.0
2021-08-21,0.0
2021-08-22,28.0
2021-08-23,33.0
2021-08-24,38.0
2021-08-25,33.0
2021-08-26,44.0
2021-08-27,0.0
2021-08-28,0.0
2021-08-29,49.0
2021-08-30,45.0
2021-08-31,47.0
2021-09-01,46.0
2021-09-02,44.0
2021-09-03,0.0
2021-09-04,0.0
2021-09-05,0.0
2021-09-06,42.0
2021-09-07,38.0
2021-09-08,34.0
2021-09-09,23.0
2021-09-10,0.0
2021-09-11,0.0
2021-09-12,28.0
2021-09-13,24.0
2021-09-14,27.0
2021-09-15,31.0
2021-09-16,22.0
2021-09-17,0.0
2021-09-18,0.0
2021-09-19,12.0
2021-09-20,13.0
2021-09-21,20.0
2021-09-22,23.0
2021-09-23,24.0
2021-09-24,0.0
2021-09-25,0.0
2021-09-26,25.0
2021-09-27,15.0
2021-09-28,15.0
2021-09-29,12.0
2021-09-30,18.0
2021-10-01,0.0
2021-10-02,0.0
2021-10-03,12.0
2021-10-04,18.0
2021-10-05,19.0
2021-10-06,23.0
2021-10-07,25.0
2021-10-08,0.0
2021-10-09,0.0
2021-10-10,24.0
2021-10-11,24.0
2021-10-12,24.0
2021-10-13,29.0
2021-10-14,41.0
2021-10-15,0.0
2021-10-16,0.0
2021-10-17,46.0
2021-10-18,53.0
2021-10-19,57.0
2021-10-20,60.0
2021-10-21,59.0
2021-10-22,0.0
2021-10-23,0.0
2021-10-24,62.0
2021-10-25,63.0
2021-10-26,58.0
2021-10-27,64.0
2021-10-28,65.0
2021-10-29,0.0
2021-10-30,0.0
2021-10-31,66.0
2021-11-01,68.0
2021-11-02,72.0
2021-11-03,72.0
2021-11-04,73.0
2021-11-05,0.0
2021-11-06,0.0
2021-11-07,74.0
2021-11-08,77.0
2021-11-09,73.0
2021-11-10,72.0
2021-11-11,74.0
2021-11-12,0.0
2021-11-13,0.0
2021-11-14,72.0
2021-11-15,72.0
2021-11-16,71.0
2021-11-17,68.0
2021-11-18,63.0
2021-11-19,0.0
2021-11-20,0.0
2021-11-21,59.0
2021-11-22,59.0
2021-11-23,59.0
2021-11-24,0.0
2021-11-25,33.0
2021-11-26,0.0
2021-11-27,0.0
2021-11-28,38.0
2021-11-29,27.0
2021-11-30,26.0
2021-12-01,25.0
2021-12-02,20.0
2021-12-03,0.0
2021-12-04,0.0
2021-12-05,24.0
2021-12-06,36.0
2021-12-07,41.0
2021-12-08,37.0
2021-12-09,42.0
2021-12-10,0.0
2021-12-11,0.0
2021-12-12,35.0
2021-12-13,32.0
2021-12-14,37.0
2021-12-15,34.0
2021-12-16,32.0
2021-12-17,0.0
2021-12-18,0.0
2021-12-19,29.0
2021-12-20,34.0
2021-12-21,39.0
2021-12-22,43.0
2021-12-23,0.0
2021-12-24,0.0
2021-12-25,0.0
2021-12-26,59.0
2021-12-27,59.0
2021-12-28,63.0
2021-12-29,64.0
2021-12-30,61.0
2021-12-31,0.0
2022-01-01,0.0
2022-01-02,65.0
2022-01-03,66.0
2022-01-04,52.0
2022-01-05,50.0
2022-01-06,51.0
2022-01-07,0.0
2022-01-08,0.0
2022-01-09,47.0
2022-01-10,55.0
2022-01-11,59.0
2022-01-12,50.0
2022-01-13,52.0
2022-01-14,0.0
2022-01-15,0.0
2022-01-16,0.0
2022-01-17,51.0
2022-01-18,48.0
2022-01-19,40.0
2022-01-20,29.0
2022-01-21,0.0
2022-01-22,0.0
2022-01-23,25.0
2022-01-24,22.0
2022-01-25,21.0
2022-01-26,20.0
2022-01-27,23.0
2022-01-28,0.0
2022-01-29,0.0
2022-01-30,30.0
2022-01-31,30.0
2022-02-01,27.0
2022-02-02,26.0
2022-02-03,27.0
2022-02-04,0.0
2022-02-05,0.0
2022-02-06,27.0
2022-02-07,29.0
2022-02-08,32.0
2022-02-09,32.0
2022-02-10,29.0
2022-02-11,0.0
2022-02-12,0.0
2022-02-13,25.0
2022-02-14,28.0
2022-02-15,30.0
2022-02-16,29.0
2022-02-17,30.0
2022-02-18,0.0
2022-02-19,0.0
2022-02-20,0.0
2022-02-21,28.0
2022-02-22,21.0
2022-02-23,22.0
2022-02-24,32.0
2022-02-25,0.0
2022-02-26,0.0
2022-02-27,30.0
2022-02-28,24.0
2022-03-01,21.0
2022-03-02,22.0
2022-03-03,21.0
2022-03-04,0.0
2022-03-05,0.0
2022-03-06,17.0
2022-03-07,18.0
2022-03-08,21.0
2022-03-09,20.0
2022-03-10,19.0
2022-03-11,0.0
2022-03-12,0.0
2022-03-13,20.0
2022-03-14,23.0
2022-03-15,25.0
2022-03-16,29.0
2022-03-17,37.0
2022-03-18,0.0
2022-03-19,0.0
2022-03-20,40.0
2022-03-21,44.0
2022-03-22,45.0
2022-03-23,47.0
2022-03-24,49.0
2022-03-25,0.0
2022-03-26,0.0
2022-03-27,51.0
2022-03-28,53.0
2022-03-29,52.0
2022-03-30,58.0
2022-03-31,59.0
2022-04-01,0.0
2022-04-02,0.0
2022-04-03,61.0
2022-04-04,48.0
2022-04-05,46.0
2022-04-06,46.0
2022-04-07,46.0
2022-04-08,0.0
2022-04-09,0.0
2022-04-10,44.0
2022-04-11,43.0
2022-04-12,43.0
2022-04-13,41.0
2022-04-14,0.0
2022-04-15,0.0
2022-04-16,0.0
2022-04-17,39.0
2022-04-18,42.0
2022-04-19,41.0
2022-04-20,40.0
2022-04-21,32.0
2022-04-22,0.0
2022-04-23,0.0
2022-04-24,30.0
2022-04-25,20.0
2022-04-26,19.0
2022-04-27,23.0
2022-04-28,18.0
2022-04-29,0.0
2022-04-30,0.0
2022-05-01,17.0
2022-05-02,30.0
2022-05-03,22.0
2022-05-04,17.0
2022-05-05,16.0
2022-05-06,0.0
2022-05-07,0.0
2022-05-08,10.0
2022-05-09,10.0
2022-05-10,8.0
2022-05-11,6.0
2022-05-12,11.0
2022-05-13,0.0
2022-05-14,0.0
2022-05-15,14.0
2022-05-16,15.0
2022-05-17,9.0
2022-05-18,12.0
2022-05-19,11.0
2022-05-20,11.0
2022-05-21,0.0
2022-05-22,13.0
2022-05-23,11.0
2022-05-24,13.0
2022-05-25,17.0
2022-05-26,21.0
2022-05-27,21.0
2022-05-28,0.0
2022-05-29,21.0
2022-05-30,26.0
2022-05-31,25.0
2022-06-01,28.0
2022-06-02,27.0
2022-06-03,27.0
2022-06-05,29.0
2022-06-06,31.0
2022-06-07,32.0
2022-06-08,31.0
2022-06-09,28.0
2022-06-10,28.0
2022-06-12,17.0
2022-06-13,17.0
2022-06-14,20.0
2022-06-15,13.0
2022-06-16,14.0
2022-06-17,14.0
2022-06-19,14.0
2022-06-20,19.0
2022-06-21,21.0
2022-06-22,22.0
2022-06-23,27.0
2022-06-24,27.0
2022-06-26,28.0
2022-06-27,26.0
2022-06-28,25.0
2022-06-29,22.0
2022-06-30,24.0
2022-07-01,24.0
2022-07-03,24.0
2022-07-04,23.0
2022-07-05,24.0
2022-07-06,24.0
